brand,model,processor_brand,processor_name,processor_gnrtn,ram_gb,ram_type,ssd,hdd,os,os_bit,graphic_card_gb,weight,warranty,Touchscreen,msoffice,latest_price,old_price,discount,star_rating,ratings,reviews
Lenovo,A6-9225,Amd,A6-9225 processor,10th,4,Ddr4,0,1024,Windows,64,0,Thinnlight,0,No,No,24990.0,32790,23,3.7,63,12
Lenovo,Ideapad,Amd,Apu dual,10th,4,Ddr4,0,512,Windows,64,0,Casual,0,No,No,19590.0,21325,8,3.6,1894,256
Avita,Pura,Amd,Apu dual,10th,4,Ddr4,128,0,Windows,64,0,Thinnlight,0,No,No,19990.0,27990,28,3.7,1153,159
Avita,Pura,Amd,Apu dual,10th,4,Ddr4,128,0,Windows,64,0,Thinnlight,0,No,No,21490.0,27990,23,3.7,1153,159
Avita,Pura,Amd,Apu dual,10th,4,Ddr4,256,0,Windows,64,0,Thinnlight,0,No,No,24990.0,33490,25,3.7,1657,234
Avita,Pura,Amd,Apu dual,10th,8,Ddr4,256,0,Windows,64,0,Thinnlight,0,No,No,24990.0,33490,25,3.7,1657,234
Hp,Apu,Amd,Apu dual,10th,4,Ddr4,0,1024,Windows,32,0,Casual,0,No,No,20900.0,22825,8,3.9,1185,141
Lenovo,Apu,Amd,Apu dual,10th,4,Ddr4,0,1024,Windows,64,0,Casual,0,No,No,21896.0,0,0,3.9,219,18
Hp,Athlon,Amd,Athlon dual,10th,32,Ddr4,32,0,Windows,32,4,Casual,0,No,No,26899.0,27668,2,0.0,0,0
Acer,Aspire,Amd,Athlon dual,10th,4,Ddr4,256,0,Windows,64,0,Casual,1,No,No,31990.0,36990,13,4.2,76,13
Asus,Expertbook,Intel,Core i3,10th,4,Ddr4,0,1024,Windows,64,0,Casual,0,No,No,34649.0,41990,17,2.3,3,0
Lenovo,Unknown,Intel,Core i3,10th,4,Ddr4,0,1024,Windows,64,0,Casual,0,No,No,38999.0,42705,8,3.8,65,5
Lenovo,V15,Intel,Core i3,10th,4,Ddr4,0,1024,Windows,64,0,Casual,0,No,No,39999.0,43999,9,3.1,8,1
Asus,Expertbook,Intel,Core i5,10th,8,Ddr4,512,0,Windows,32,2,Casual,0,No,No,69990.0,0,0,0.0,0,0
Asus,Vivobook,Intel,Celeron dual,Unknown,4,Ddr4,0,512,Windows,64,0,Casual,0,No,No,26990.0,28990,6,0.0,0,0
Asus,Eeebook,Intel,Celeron dual,Unknown,4,Ddr4,0,512,Windows,64,0,Casual,0,No,No,22990.0,27990,17,0.0,0,0
Asus,Eeebook,Intel,Celeron dual,Unknown,4,Ddr4,0,512,Windows,32,0,Casual,0,No,No,21990.0,25990,15,3.5,31,3
Asus,Expertbook,Intel,Core i5,10th,8,Ddr4,0,1024,Windows,32,2,Casual,0,No,No,58799.0,77990,24,0.0,0,0
Lenovo,Unknown,Intel,Core i5,10th,4,Ddr4,0,1024,Windows,32,0,Casual,0,No,No,49999.0,59000,15,0.0,0,0
Acer,Aspire,Amd,Ryzen,10th,4,Ddr4,0,512,Windows,32,4,Casual,0,No,No,54990.0,89000,38,4.5,3190,414
Acer,Nitro,Amd,Ryzen 5,10th,4,Ddr4,0,512,Windows,32,4,Casual,0,No,No,59990.0,99999,40,4.5,1946,240
Acer,Nitro,Amd,Ryzen 5,10th,4,Ddr4,0,512,Windows,32,6,Casual,0,No,No,93700.0,139000,32,4.5,259,47
Acer,Nitro,Amd,Ryzen 5,10th,4,Ddr4,0,512,Windows,32,4,Casual,0,No,No,72990.0,99999,27,4.5,425,67
Avita,Cosmos,Intel,Celeron dual,Unknown,4,Ddr4,0,512,Windows,64,0,Casual,0,No,No,17490.0,23490,25,3.6,1120,196
Asus,Expertbook,Intel,Core i3,11th,4,Ddr4,256,0,Windows,64,0,Casual,0,No,No,35990.0,42990,16,0.0,0,0
Hp,X360,Intel,Core i3,11th,8,Ddr4,256,0,Windows,64,0,Casual,1,Yes,No,56490.0,64923,12,0.0,0,0
Hp,X360,Intel,Core i5,11th,8,Ddr4,256,0,Windows,64,0,Casual,1,No,No,65390.0,76436,14,0.0,0,0
Lenovo,Ideapad,Intel,Celeron dual,Unknown,4,Ddr4,256,0,Windows,64,0,Thinnlight,0,No,No,31999.0,38999,17,4.0,286,19
Hp,Celeron,Intel,Celeron dual,Unknown,8,Ddr4,256,0,Windows,64,0,Thinnlight,0,No,No,32490.0,39288,17,4.0,58,6
Lenovo,Ideapad,Intel,Celeron dual,Unknown,4,Ddr4,256,0,Windows,64,0,Thinnlight,0,No,No,31799.0,36999,14,0.0,0,0
Asus,Vivobook,Intel,Celeron dual,Unknown,4,Ddr4,256,0,Windows,64,0,Casual,0,No,No,29890.0,33990,12,4.0,7,0
Asus,Celeron,Intel,Celeron dual,Unknown,4,Ddr4,0,1024,Windows,64,0,Casual,1,No,No,23990.0,26990,11,3.8,15279,1947
Hp,15q,Intel,Core i3,7th,4,Ddr4,0,1024,Windows,64,0,Casual,0,No,No,32955.0,0,0,4.2,311,27
Hp,250-g6,Intel,Core i5,7th,4,Ddr4,0,1024,Windows,32,2,Casual,0,No,No,46200.0,0,0,4.2,47,7
Asus,Unknown,Intel,Core i3,11th,4,Ddr4,256,0,Windows,64,0,Thinnlight,0,No,No,34429.0,49990,31,4.1,37,6
Lenovo,Ideapad,Intel,Core i3,10th,8,Ddr4,256,0,Windows,32,0,Thinnlight,2,No,Yes,37990.0,57990,34,4.3,2080,235
Asus,Vivobook,Intel,Core i3,11th,4,Ddr4,256,0,Windows,32,0,Casual,1,No,Yes,35990.0,49990,28,4.3,1479,181
Asus,Vivobook,Intel,Core i3,10th,8,Ddr4,256,0,Windows,64,0,Thinnlight,0,No,No,33980.0,46990,27,4.4,67,3
Hp,Unknown,Intel,Core i3,11th,8,Ddr4,256,0,Windows,64,0,Thinnlight,1,No,Yes,39990.0,50085,20,4.2,273,30
Dell,Vostro,Intel,Core i3,10th,8,Ddr4,256,0,Windows,64,0,Thinnlight,1,No,Yes,39490.0,43312,8,4.3,1267,171
Redmibook,15,Intel,Core i3,11th,8,Ddr4,256,0,Windows,32,0,Thinnlight,1,No,No,38990.0,51999,25,4.3,1063,152
Hp,Pavilion,Intel,Core i3,11th,8,Ddr4,256,0,Windows,64,0,Casual,1,Yes,Yes,53990.0,63510,14,4.6,14,0
Acer,Aspire,Intel,Core i3,11th,8,Ddr4,256,0,Windows,64,0,Thinnlight,1,No,No,38990.0,52999,26,0.0,0,0
Realme,Book,Intel,Core i3,11th,8,Ddr4,256,0,Windows,64,0,Thinnlight,1,No,Yes,46990.0,54999,14,4.4,6352,1014
Asus,Unknown,Intel,Core i3,11th,8,Ddr4,256,0,Windows,64,0,Thinnlight,1,No,No,37990.0,52990,28,4.3,284,39
Asus,Vivobook,Intel,Core i3,11th,8,Ddr4,256,0,Windows,64,0,Casual,1,No,Yes,37890.0,51990,27,4.6,44,5
Lenovo,Ideapad,Intel,Core i3,11th,8,Ddr4,256,0,Windows,64,0,Thinnlight,1,No,No,38990.0,60890,35,4.2,33,4
Lenovo,Ideapad,Intel,Core i3,10th,8,Ddr4,256,0,Windows,64,0,Thinnlight,0,No,No,37990.0,57990,34,4.2,286,36
Dell,Vostro,Intel,Core i3,11th,8,Ddr4,256,0,Windows,64,0,Thinnlight,1,No,Yes,41990.0,54510,22,3.6,10,5
Asus,Vivobook,Intel,Core i3,11th,8,Ddr4,256,0,Windows,64,0,Casual,1,No,No,45990.0,58990,22,4.5,816,147
Lenovo,Ideapad,Intel,Core i3,11th,8,Ddr4,256,0,Windows,64,0,Thinnlight,1,No,No,39990.0,61590,35,4.3,543,65
Dell,Inspiron,Intel,Core i3,11th,8,Ddr4,256,0,Windows,64,0,Thinnlight,0,No,No,42490.0,59654,28,4.8,9,1
Infinix,Inbook,Intel,Core i3,10th,8,Lpddr4x,256,0,Windows,64,0,Thinnlight,0,No,No,32990.0,49999,34,4.3,1221,265
Dell,Vostro,Intel,Core i3,10th,4,Ddr4,256,0,Windows,64,0,Thinnlight,1,No,Yes,36990.0,40614,8,4.3,1178,137
Lenovo,Ideapad,Intel,Core i3,11th,8,Ddr4,256,0,Windows,64,0,Casual,1,Yes,Yes,53990.0,75490,28,4.4,299,41
Asus,Vivobook,Intel,Core i3,11th,8,Ddr4,256,0,Windows,64,0,Thinnlight,0,No,No,36990.0,52990,30,4.4,20,1
Lenovo,Ideapad,Intel,Core i3,10th,4,Ddr4,256,0,Windows,64,0,Casual,2,No,No,38940.0,48200,19,4.3,758,64
Dell,Inspiron,Intel,Core i3,10th,4,Ddr4,256,0,Windows,64,0,Casual,1,No,Yes,39490.0,55490,28,4.4,634,64
Lenovo,Ideapad,Intel,Core i3,10th,8,Ddr4,256,0,Windows,64,0,Casual,2,No,Yes,39999.0,59999,33,5.0,4,0
Dell,Inspiron,Intel,Core i3,11th,8,Ddr4,256,0,Windows,64,0,Thinnlight,1,No,No,42990.0,56776,24,4.3,17,2
Dell,Inspiron,Intel,Core i3,11th,8,Ddr4,256,0,Windows,64,0,Casual,1,Yes,No,49990.0,68658,27,4.2,24,5
Dell,Vostro,Intel,Core i3,11th,8,Ddr4,256,0,Windows,64,0,Thinnlight,1,No,Yes,41490.0,55448,25,4.3,1753,165
Dell,Inspiron,Intel,Core i3,11th,8,Ddr4,256,0,Windows,64,0,Thinnlight,0,No,No,41990.0,57670,27,4.2,216,21
Lenovo,Ideapad,Intel,Core i3,11th,8,Ddr4,256,0,Windows,64,0,Thinnlight,1,No,Yes,41990.0,57290,26,4.4,1084,160
Asus,Vivobook,Intel,Core i3,11th,8,Ddr4,256,0,Windows,64,0,Casual,1,No,No,38490.0,51990,25,3.8,19,3
Lenovo,Unknown,Intel,Core i3,11th,4,Ddr4,256,0,Windows,64,0,Thinnlight,1,No,Yes,38990.0,51544,24,4.4,106,13
Lenovo,Thinkpad,Intel,Core i3,11th,4,Ddr4,256,0,Windows,64,0,Casual,1,No,Yes,44990.0,59239,24,4.1,42,4
Lenovo,Ideapad,Intel,Core i3,10th,4,Ddr4,256,0,Windows,64,0,Thinnlight,0,No,No,36490.0,53790,32,0.0,0,0
Lenovo,Unknown,Intel,Core i3,10th,8,Ddr4,256,0,Windows,32,0,Casual,0,No,No,38970.0,56590,31,0.0,0,0
Hp,Unknown,Intel,Core i3,11th,4,Ddr4,256,0,Windows,64,0,Thinnlight,1,No,Yes,44900.0,51000,11,4.2,1029,107
Msi,Unknown,Intel,Core i3,10th,4,Ddr4,256,0,Windows,64,0,Thinnlight,0,No,No,38990.0,53900,27,4.5,53,11
Dell,Vostro,Intel,Core i3,11th,4,Ddr4,256,0,Windows,64,0,Thinnlight,0,No,No,44427.0,0,0,0.0,0,0
Asus,Vivobook,Intel,Core i3,10th,4,Ddr4,256,0,Windows,64,0,Casual,1,No,No,35990.0,46990,23,0.0,0,0
Lenovo,Ideapad,Intel,Core i3,10th,4,Ddr4,256,0,Windows,64,0,Casual,1,No,Yes,40200.0,49999,19,3.9,48,1
Lenovo,Unknown,Intel,Core i3,10th,4,Ddr4,256,0,Windows,32,0,Casual,0,No,No,40990.0,56800,27,3.7,3,0
Dell,Inspiron,Intel,Core i3,10th,4,Ddr4,256,0,Windows,64,0,Thinnlight,1,No,No,42490.0,54723,22,0.0,0,0
Realme,Book,Intel,Core i3,11th,4,Ddr4,256,0,Windows,64,0,Thinnlight,1,No,Yes,47999.0,54999,12,4.4,6352,1014
Acer,Chromebook,Intel,Celeron dual,Unknown,4,Ddr4,0,512,Windows,32,0,Casual,0,No,No,23990.0,27000,11,3.3,61,4
Dell,Unknown,Intel,Core i3,11th,4,Ddr4,256,0,Windows,64,0,Casual,0,Yes,No,71999.0,72246,0,4.3,97,13
Asus,Vivobook,Intel,Core i3,11th,4,Ddr4,256,0,Windows,64,0,Casual,1,No,No,39990.0,52990,24,4.4,181,19
Lenovo,Ideapad,Intel,Core i3,10th,4,Ddr4,256,0,Windows,64,0,Casual,1,No,Yes,41998.0,56590,25,4.4,529,39
Asus,Unknown,Intel,Core i3,11th,4,Ddr4,256,0,Windows,32,0,Casual,0,No,No,41990.0,52990,20,0.0,0,0
Lenovo,Ideapad,Intel,Core i3,10th,4,Ddr4,256,0,Windows,64,0,Casual,2,No,Yes,39999.0,59999,33,0.0,0,0
Asus,Commercial,Intel,Core i3,10th,4,Ddr4,256,0,Windows,32,0,Casual,0,No,No,39990.0,47990,16,0.0,0,0
Lenovo,Ideapad,Intel,Core i3,11th,4,Ddr4,256,0,Windows,64,0,Casual,0,No,No,39998.0,60090,33,4.2,10,1
Hp,14s,Intel,Core i3,11th,4,Ddr4,256,0,Windows,64,0,Thinnlight,1,No,Yes,42490.0,45892,7,4.4,5205,561
Lenovo,Unknown,Intel,Core i3,10th,4,Ddr4,256,0,Windows,32,0,Casual,0,No,No,41990.0,49800,15,3.7,3,0
Asus,Unknown,Intel,Core i3,11th,4,Ddr4,256,0,Windows,32,0,Casual,0,No,No,48490.0,58990,17,0.0,0,0
Hp,Unknown,Intel,Core i3,11th,4,Ddr4,256,0,Windows,64,0,Thinnlight,1,No,Yes,44376.0,45376,2,4.2,1090,96
Dell,Unknown,Intel,Core i3,11th,4,Ddr4,256,0,Windows,32,0,Casual,0,No,No,43900.0,57095,23,0.0,0,0
Dell,Inspiron,Intel,Core i3,11th,4,Ddr4,256,0,Windows,64,0,Casual,1,No,No,46690.0,57095,18,0.0,0,0
Lenovo,Unknown,Intel,Core i3,10th,4,Ddr4,256,0,Windows,32,0,Casual,0,No,No,40990.0,48900,16,5.0,1,1
Dell,Inspiron,Intel,Core i3,10th,4,Ddr4,256,0,Windows,64,0,Thinnlight,1,No,No,39990.0,49821,19,4.0,44,2
Lenovo,V15,Intel,Core i3,11th,4,Ddr4,256,0,Windows,64,0,Thinnlight,0,No,No,43990.0,50250,12,0.0,0,0
Asus,Vivobook,Intel,Core i3,11th,4,Ddr4,256,0,Windows,64,0,Thinnlight,1,No,No,36990.0,44990,17,4.5,70,9
Dell,Unknown,Intel,Core i3,11th,8,Ddr4,256,0,Windows,64,0,Casual,1,No,No,48500.0,58493,17,0.0,0,0
Asus,Vivobook,Intel,Core i3,11th,8,Ddr4,256,0,Windows,64,0,Casual,0,No,No,48990.0,58990,16,0.0,0,0
Asus,Chromebook,Intel,Celeron dual,Unknown,4,Lpddr4,0,512,Windows,32,0,Casual,0,No,No,23490.0,29990,21,4.2,632,92
Hp,Pavilion,Intel,Core i3,8th,4,Ddr4,256,0,Windows,64,0,Casual,1,Yes,Yes,54238.0,0,0,4.4,71,8
Asus,Vivobook,Intel,Core i3,10th,8,Ddr4,512,0,Windows,64,0,Casual,1,No,No,37990.0,50990,25,4.3,990,108
Hp,Unknown,Intel,Core i3,11th,8,Ddr4,512,0,Windows,64,0,Thinnlight,1,No,Yes,42990.0,57330,25,4.4,158,18
Hp,Unknown,Intel,Core i3,11th,8,Ddr4,512,0,Windows,64,0,Thinnlight,1,No,Yes,42990.0,49590,13,4.3,681,59
Asus,Vivobook,Intel,Core i3,10th,4,Ddr4,512,0,Windows,64,0,Casual,1,No,No,35990.0,49990,28,4.4,130,12
Redmibook,15,Intel,Core i3,11th,8,Ddr4,512,0,Windows,32,0,Thinnlight,1,No,No,42990.0,55999,23,4.3,1063,152
Asus,Vivobook,Intel,Core i3,11th,8,Ddr4,512,0,Windows,64,0,Casual,1,No,No,42990.0,57990,25,4.3,30,4
Asus,Vivobook,Intel,Core i3,11th,8,Lpddr4x,512,0,Windows,32,0,Casual,1,Yes,Yes,51990.0,67990,23,4.7,6,2
Asus,Vivobook,Intel,Core i3,11th,8,Ddr4,512,0,Windows,64,0,Casual,1,No,No,48990.0,62990,22,4.5,174,30
Asus,Vivobook,Intel,Core i3,11th,8,Ddr4,512,0,Windows,64,0,Casual,1,No,No,42990.0,57990,25,4.5,40,7
Lenovo,Unknown,Intel,Core i3,10th,8,Ddr4,512,0,Windows,64,0,Thinnlight,1,No,No,38990.0,62190,37,3.9,13,1
Dell,Inspiron,Intel,Core i3,11th,8,Ddr4,512,0,Windows,64,0,Thinnlight,0,No,No,45990.0,60908,24,4.3,184,29
Hp,Unknown,Intel,Core i3,10th,8,Ddr4,512,0,Windows,64,0,Thinnlight,1,No,Yes,42490.0,50294,15,4.3,1296,126
Hp,Unknown,Intel,Core i3,11th,8,Ddr4,512,0,Windows,64,0,Thinnlight,1,No,Yes,43970.0,50196,12,4.3,571,56
Asus,Unknown,Intel,Core i3,10th,4,Ddr4,512,0,Windows,64,0,Thinnlight,1,No,Yes,39990.0,49990,20,4.3,2551,297
Msi,Unknown,Intel,Core i3,11th,8,Ddr4,512,0,Windows,64,0,Thinnlight,0,No,No,48990.0,49590,1,4.5,17,3
Hp,Pavilion,Intel,Core i3,11th,8,Ddr4,512,0,Windows,64,0,Casual,1,No,Yes,54990.0,69267,20,4.5,35,3
Msi,Unknown,Intel,Core i3,10th,8,Ddr4,512,0,Windows,64,0,Thinnlight,0,No,No,40990.0,55990,26,4.4,118,17
Asus,Vivobook,Intel,Core i3,11th,8,Ddr4,512,0,Windows,64,0,Thinnlight,1,No,Yes,41990.0,55990,25,0.0,0,0
Lenovo,Ideapad,Intel,Core i3,11th,8,Ddr4,512,0,Windows,64,0,Thinnlight,1,Yes,No,54990.0,79690,30,4.5,245,34
Asus,Vivobook,Intel,Core i3,11th,8,Ddr4,512,0,Windows,64,0,Casual,1,No,Yes,44990.0,46390,3,4.4,2058,305
Hp,Unknown,Intel,Core i3,11th,8,Ddr4,512,0,Windows,64,0,Casual,1,No,No,41250.0,46602,11,4.1,117,11
Hp,Unknown,Intel,Core i3,11th,8,Ddr4,512,0,Windows,64,0,Thinnlight,0,No,No,44990.0,52900,14,0.0,0,0
Asus,Vivobook,Intel,Core i3,11th,8,Ddr4,512,0,Windows,64,0,Casual,1,No,No,42990.0,57990,25,4.7,74,11
Dell,Unknown,Intel,Core i3,11th,8,Ddr4,512,0,Windows,64,0,Casual,1,Yes,No,60790.0,78307,22,4.4,10,1
Hp,Unknown,Intel,Core i3,11th,8,Ddr4,512,0,Windows,64,0,Casual,0,No,No,45650.0,55202,17,4.1,39,4
Dell,Vostro,Intel,Core i3,10th,8,Ddr4,512,0,Windows,64,0,Thinnlight,1,No,Yes,41990.0,49826,15,3.9,29,7
Dell,Inspiron,Intel,Core i3,10th,8,Ddr4,512,0,Windows,64,0,Thinnlight,1,No,No,45490.0,60046,24,4.2,43,4
Asus,Vivobook,Intel,Core i3,11th,8,Ddr4,512,0,Windows,64,0,Thinnlight,1,No,Yes,44990.0,58990,23,0.0,0,0
Lenovo,Ideapad,Intel,Core i3,11th,8,Ddr4,512,0,Windows,64,0,Thinnlight,2,No,Yes,42990.0,63790,32,4.4,984,99
Hp,15s,Intel,Core i3,11th,4,Ddr4,512,0,Windows,64,0,Thinnlight,1,No,Yes,45490.0,46990,3,4.3,523,66
Hp,Unknown,Intel,Core i3,10th,4,Ddr4,512,0,Windows,32,0,Casual,0,No,No,38799.0,47916,19,4.4,30,1
Hp,Pavilion,Intel,Core i3,11th,4,Ddr4,512,0,Windows,64,0,Casual,1,Yes,Yes,69267.0,0,0,0.0,0,0
Asus,Vivobook,Intel,Core i3,11th,4,Ddr4,512,0,Windows,64,0,Casual,1,No,Yes,51649.0,62990,18,0.0,0,0
Hp,Unknown,Intel,Core i3,11th,4,Ddr4,512,0,Windows,64,0,Thinnlight,1,No,Yes,47990.0,51165,6,4.3,1605,215
Asus,Vivobook,Intel,Core i3,10th,4,Ddr4,512,0,Windows,64,0,Casual,1,No,No,40990.0,49990,18,4.4,4008,519
Asus,Unknown,Intel,Core i3,10th,4,Ddr4,512,0,Windows,64,0,Thinnlight,1,No,Yes,42990.0,50990,15,4.4,1869,234
Asus,Vivobook,Intel,Core i3,11th,4,Ddr4,512,0,Windows,64,0,Casual,1,No,No,44890.0,56999,21,3.9,7,0
Asus,Vivobook,Intel,Core i3,10th,4,Ddr4,512,0,Windows,64,0,Casual,1,No,No,41490.0,49990,17,4.4,4008,519
Hp,15s,Intel,Core i3,11th,4,Ddr4,512,0,Windows,32,0,Thinnlight,1,No,No,50990.0,51748,1,0.0,0,0
Hp,Unknown,Intel,Core i3,11th,4,Ddr4,512,0,Windows,64,0,Thinnlight,1,No,Yes,48900.0,50000,2,4.3,1278,135
Dell,Vostro,Intel,Core i3,10th,4,Ddr4,512,0,Windows,64,0,Casual,0,No,No,41790.0,54784,23,0.0,0,0
Lenovo,Ideapad,Intel,Core i3,11th,4,Ddr4,512,0,Windows,64,0,Casual,1,Yes,Yes,57999.0,85000,31,3.4,10,2
Dell,Inspiron,Intel,Core i3,11th,8,Ddr4,512,0,Windows,64,0,Thinnlight,0,No,No,45930.0,58229,21,0.0,0,0
Hp,Pavilion,Intel,Core i3,11th,8,Ddr4,512,0,Windows,64,0,Casual,1,Yes,Yes,55490.0,65853,15,4.3,143,15
Asus,Vivobook,Intel,Core i3,10th,8,Ddr4,0,1024,Windows,64,0,Casual,1,No,No,32890.0,46990,30,3.9,28,4
Lenovo,Ideapad,Intel,Core i3,10th,8,Ddr4,0,1024,Windows,64,0,Thinnlight,1,No,Yes,35990.0,57290,37,4.0,2124,233
Dell,Inspiron,Intel,Core i3,11th,8,Ddr4,0,1024,Windows,64,0,Thinnlight,0,No,No,42490.0,50693,16,4.0,276,40
Dell,Vostro,Intel,Core i3,11th,8,Ddr4,0,1024,Windows,64,0,Thinnlight,0,No,No,42190.0,44780,5,3.9,250,21
Dell,Vostro,Intel,Core i3,10th,8,Ddr4,0,1024,Windows,64,0,Thinnlight,1,No,Yes,39490.0,54517,27,4.0,1917,189
Hp,15s,Intel,Core i3,11th,8,Ddr4,0,1024,Windows,64,0,Thinnlight,1,No,Yes,43690.0,48933,10,4.1,4999,490
Asus,Vivobook,Intel,Core i3,10th,4,Ddr4,0,1024,Windows,64,0,Casual,1,No,No,35990.0,48990,26,3.8,17,0
Dell,3000,Intel,Core i3,11th,8,Ddr4,0,1024,Windows,32,0,Casual,0,No,No,43800.0,55506,21,4.2,17,0
Lenovo,Unknown,Intel,Core i3,10th,8,Ddr4,0,1024,Windows,32,0,Casual,0,No,No,38990.0,55890,30,0.0,0,0
Asus,Vivobook,Intel,Core i3,10th,4,Ddr4,0,1024,Windows,64,0,Thinnlight,1,No,No,34990.0,40990,14,3.7,4203,490
Asus,Vivobook,Intel,Core i3,11th,8,Ddr4,0,1024,Windows,64,0,Casual,1,No,No,38900.0,51990,25,3.9,13,0
Dell,Inspiron,Intel,Core i3,10th,4,Ddr4,0,1024,Windows,64,0,Thinnlight,1,No,No,39990.0,55534,27,3.8,15,1
Dell,Inspiron,Intel,Core i3,10th,4,Ddr4,0,1024,Windows,32,0,Casual,0,No,No,40890.0,45990,11,4.0,527,46
Lenovo,Unknown,Intel,Core i3,10th,4,Ddr4,0,1024,Windows,64,0,Thinnlight,1,No,No,36990.0,57990,36,3.7,103,10
Hp,15s,Intel,Core i3,11th,4,Ddr4,0,1024,Windows,64,0,Thinnlight,1,No,Yes,39990.0,45514,12,3.9,324,45
Hp,Unknown,Intel,Core i3,11th,4,Ddr4,0,1024,Windows,64,0,Thinnlight,1,No,Yes,41990.0,47264,11,4.0,69,5
Dell,Unknown,Intel,Core i3,11th,4,Ddr4,0,1024,Windows,32,0,Casual,0,No,No,43970.0,46138,4,3.9,16,0
Hp,Notebook,Intel,Core i3,11th,4,Ddr4,0,1024,Windows,64,0,Thinnlight,1,No,No,39790.0,43296,8,3.9,40,3
Asus,Unknown,Intel,Core i3,10th,4,Ddr4,0,1024,Windows,32,0,Thinnlight,0,No,No,35590.0,45990,22,3.4,12,1
Hp,14s,Intel,Core i3,10th,4,Ddr4,0,1024,Windows,64,0,Thinnlight,1,No,Yes,36490.0,42787,14,3.8,1146,175
Asus,Vivobook,Intel,Core i3,10th,4,Ddr4,0,1024,Windows,64,0,Thinnlight,1,No,Yes,38990.0,45990,15,4.0,1850,216
Asus,Unknown,Intel,Core i3,10th,4,Ddr4,0,1024,Windows,32,0,Thinnlight,0,No,No,33990.0,39990,15,3.7,43,7
Dell,Inspiron,Intel,Core i3,10th,4,Ddr4,0,1024,Windows,64,0,Casual,1,No,Yes,43400.0,49000,11,4.1,231,26
Asus,Chromebook,Intel,Celeron dual,Unknown,4,Lpddr4,0,512,Windows,32,0,Casual,0,No,No,24990.0,30990,19,4.2,502,93
Hp,15s,Intel,Core i3,10th,4,Ddr4,0,1024,Windows,64,0,Thinnlight,1,No,Yes,40750.0,43090,5,4.1,1096,116
Dell,Inspiron,Intel,Core i3,10th,4,Ddr4,0,1024,Windows,64,0,Thinnlight,1,No,Yes,43000.0,46629,7,4.1,313,35
Asus,Vivo,Intel,Core i3,10th,4,Ddr4,0,1024,Windows,64,0,Casual,0,No,No,38000.0,42990,11,4.7,7,0
Dell,Inspiron,Intel,Core i3,11th,8,Ddr4,0,1024,Windows,64,0,Thinnlight,1,No,Yes,37990.0,51493,26,3.7,265,46
Hp,Da,Intel,Core i3,7th,8,Ddr4,0,1024,Windows,64,2,Casual,0,No,No,49279.0,0,0,4.5,38,3
Lenovo,Unknown,Intel,Core i3,10th,8,Ddr4,0,1024,Windows,32,0,Casual,0,No,No,38999.0,50990,23,3.6,7,2
Asus,Unknown,Intel,Core i3,11th,8,Ddr4,0,1024,Windows,32,0,Casual,0,No,No,41500.0,51990,20,3.0,4,0
Acer,Unknown,Intel,Core i3,11th,4,Ddr4,0,1024,Windows,32,0,Casual,0,No,No,36999.0,45000,17,0.0,0,0
Dell,Unknown,Intel,Core i3,11th,8,Ddr4,0,1024,Windows,32,0,Casual,0,No,No,42900.0,55351,22,0.0,0,0
Asus,Chromebook,Intel,Celeron dual,Unknown,4,Lpddr4,0,512,Windows,32,0,Casual,0,No,No,21490.0,25990,17,3.9,818,113
Dell,Insprion,Intel,Core i3,11th,8,Ddr4,0,1024,Windows,32,0,Casual,0,No,No,41480.0,48990,15,3.8,25,4
Asus,Vivobook,Intel,Core i3,10th,8,Ddr4,0,1024,Windows,64,0,Casual,0,No,No,32990.0,43990,25,2.0,12,0
Asus,Vivobook,Intel,Core i3,11th,8,Ddr4,0,1024,Windows,64,0,Casual,1,No,No,38680.0,51990,25,3.2,17,1
Asus,Chromebook,Intel,Celeron dual,Unknown,4,Lpddr4,0,512,Windows,32,0,Casual,0,No,No,23990.0,29990,20,4.1,974,170
Dell,Unknown,Intel,Core i3,10th,8,Ddr4,0,1024,Windows,64,0,Thinnlight,0,No,No,40390.0,54992,26,3.2,83,15
Asus,Vivobook,Intel,Core i3,10th,4,Ddr4,0,1024,Windows,64,0,Thinnlight,0,No,No,33990.0,39990,15,3.4,31,6
Asus,Chromebook,Intel,Celeron dual,Unknown,4,Lpddr4,0,512,Windows,32,0,Casual,0,No,No,20490.0,24990,18,3.9,637,91
Dell,Vostro,Intel,Core i3,10th,8,Ddr4,256,1024,Windows,64,0,Thinnlight,1,No,Yes,41490.0,54782,24,5.0,7,5
Dell,Inspiron,Intel,Core i3,11th,8,Ddr4,256,1024,Windows,64,0,Casual,0,No,No,45490.0,60371,24,4.3,207,16
Dell,Inspiron,Intel,Core i3,11th,8,Ddr4,256,1024,Windows,64,0,Casual,0,No,No,44490.0,57479,22,4.3,844,103
Asus,Vivobook,Intel,Core i3,11th,8,Ddr4,256,1024,Windows,64,0,Casual,1,No,Yes,41890.0,57990,27,4.2,53,6
Dell,Vostro,Intel,Core i3,11th,4,Ddr4,256,1024,Windows,64,0,Thinnlight,1,No,Yes,42990.0,43126,0,4.1,62,7
Acer,Travelmate,Intel,Core i3,11th,8,Ddr4,256,1024,Windows,64,0,Casual,0,No,No,40990.0,60000,31,4.2,38,2
Dell,Inspiron,Intel,Core i3,11th,8,Ddr4,256,1024,Windows,64,0,Thinnlight,1,No,No,48990.0,59990,18,4.1,724,92
Dell,Vostro,Intel,Core i3,11th,4,Ddr4,256,1024,Windows,64,0,Thinnlight,1,No,Yes,43590.0,59781,27,0.0,0,0
Dell,Inspiron,Intel,Core i3,10th,4,Ddr4,256,1024,Windows,64,0,Casual,1,No,No,44690.0,60122,25,4.3,9,0
Asus,Expertbook,Intel,Core i3,10th,4,Ddr4,256,1024,Windows,64,0,Casual,0,No,No,40990.0,51990,21,0.0,0,0
Dell,Vostro,Intel,Core i3,11th,4,Ddr4,256,1024,Windows,64,0,Thinnlight,1,No,Yes,43990.0,56743,22,0.0,0,0
Dell,Vostro,Intel,Core i3,11th,4,Ddr4,256,1024,Windows,64,0,Thinnlight,1,No,Yes,43590.0,57863,24,0.0,0,0
Dell,Vostro,Intel,Core i3,10th,4,Ddr4,256,1024,Windows,64,0,Thinnlight,1,No,Yes,41390.0,51976,20,4.2,56,7
Dell,Vostro,Intel,Core i3,10th,4,Ddr4,256,1024,Windows,64,0,Thinnlight,1,No,Yes,44290.0,57858,23,0.0,0,0
Dell,Inspiron,Intel,Core i3,11th,4,Ddr4,256,1024,Windows,64,0,Casual,1,No,No,48999.0,57095,14,0.0,0,0
Dell,Vostro,Intel,Core i3,11th,4,Ddr4,256,1024,Windows,64,0,Thinnlight,1,No,Yes,39990.0,45810,12,3.9,170,11
Dell,Unknown,Intel,Core i3,10th,8,Ddr4,256,1024,Windows,64,0,Thinnlight,0,No,No,46390.0,59101,21,2.9,95,5
Asus,Chromebook,Intel,Celeron dual,Unknown,4,Lpddr4,0,512,Windows,64,0,Casual,0,No,No,18990.0,22990,17,3.6,197,25
Asus,Chromebook,Intel,Celeron dual,Unknown,4,Lpddr4,0,512,Windows,32,0,Casual,0,No,No,17990.0,21990,18,3.6,1180,148
Hp,14a,Intel,Celeron dual,Unknown,4,Ddr4,0,512,Windows,64,0,Casual,0,No,No,26470.0,31532,16,3.6,232,23
Hp,Chromebook,Intel,Celeron dual,Unknown,4,Ddr4,0,512,Windows,64,0,Casual,0,No,No,27990.0,31532,11,3.8,596,65
Lenovo,Celeron,Intel,Celeron dual,Unknown,4,Ddr4,0,1024,Windows,32,0,Casual,0,No,No,29999.0,37400,19,3.3,19,1
Lenovo,Ideapad,Intel,Celeron dual,Unknown,4,Lpddr4x,0,512,Windows,64,0,Casual,0,No,No,25990.0,40490,35,3.7,84,16
Lenovo,Ideapad,Intel,Celeron dual,Unknown,4,Lpddr4,0,512,Windows,32,0,Casual,0,No,No,16990.0,24840,31,3.4,414,54
Lenovo,Ideapad,Intel,Celeron dual,Unknown,4,Lpddr4,0,512,Windows,32,0,Casual,0,No,No,24990.0,34890,28,2.8,70,16
Acer,Predator,Intel,Core,Unknown,4,Ddr4,0,512,Windows,32,0,Casual,0,No,No,99990.0,149999,33,4.5,1336,186
Acer,Aspire,Intel,Core i5,Unknown,8,Ddr5,0,512,Windows,32,4,Casual,0,No,No,50990.0,89999,43,4.4,10966,1185
Acer,Spin,Intel,Core i5,Unknown,8,Lpddr4,0,512,Windows,32,0,Casual,1,No,No,119990.0,124900,3,4.0,1,1
Acer,Swift,Intel,Core i5,10th,8,Lpddr4,0,512,Dos,32,0,Casual,0,No,No,94190.0,124999,24,4.3,31,6
Asus,Rog,Intel,Core i5,10th,8,Lpddr4,0,512,Dos,32,4,Casual,0,No,No,106167.0,120990,12,4.5,1881,241
Dell,Unknown,Intel,Core i5,10th,8,Lpddr4,0,512,Dos,32,4,Casual,1,No,No,68090.0,69500,2,1.6,23,4
Dell,Xps,Intel,Core i5,10th,8,Lpddr4,0,512,Dos,32,0,Thinnlight,1,No,No,139990.0,155720,10,0.0,0,0
Hp,15s,Intel,Core i5,10th,8,Lpddr4,0,512,Dos,32,0,Thinnlight,0,No,No,55990.0,63179,11,4.0,818,109
Hp,Omen,Intel,Core i5,10th,8,Lpddr4,0,512,Dos,32,4,Casual,0,No,No,102551.0,0,0,0.0,0,0
Lenovo,Ideapad,Intel,Core i5,10th,8,Lpddr4,0,512,Dos,32,0,Casual,0,No,No,72990.0,90000,18,4.2,204,19
Lenovo,Ideapad,Intel,Core i5,10th,8,Lpddr4,0,512,Dos,32,2,Casual,0,No,No,46990.0,62290,24,4.2,4428,569
Microsoft,Surface,Intel,Core i5,10th,8,Lpddr4x,128,0,Windows,64,0,Casual,0,Yes,No,100190.0,104999,4,4.4,56,8
Smartron,T.book,Intel,Core i5,7th,8,Ddr3,128,0,Windows,64,0,Casual,0,Yes,No,52990.0,55999,5,3.5,30,9
Microsoft,Surface,Intel,Core i5,8th,8,Ddr3,128,0,Windows,64,0,Casual,0,Yes,No,91999.0,0,0,4.5,49,8
Smartron,T.book,Intel,Core i5,7th,4,Ddr3,128,0,Windows,64,0,Casual,0,Yes,No,52990.0,55999,5,3.9,28,4
Hp,Pavilion,Intel,Core i5,8th,8,Ddr4,128,0,Windows,64,0,Thinnlight,1,No,No,76012.0,0,0,4.3,129,16
Lenovo,Ideapad,Intel,Core i5,11th,8,Ddr4,256,0,Windows,64,0,Casual,2,No,Yes,49490.0,75390,34,4.3,365,35
Lenovo,Yoga,Intel,Core i5,10th,8,Lpddr4,0,512,Dos,32,0,Casual,0,No,No,102990.0,139890,26,4.6,79,14
Acer,Swift,Intel,Core i5,7th,8,Ddr3,256,0,Windows,64,0,Thinnlight,1,No,Yes,86867.0,99999,13,4.4,39,3
Lg,Gram,Intel,Core i5,10th,8,Ddr4,256,0,Windows,64,0,Casual,0,No,No,76990.0,104000,25,4.5,15,7
Lg,Gram,Intel,Core i5,11th,8,Ddr4,256,0,Windows,64,0,Thinnlight,0,No,No,76990.0,106000,27,0.0,0,0
Asus,Vivobook,Intel,Core i5,11th,8,Ddr4,256,0,Windows,64,0,Thinnlight,1,No,No,48990.0,58990,16,0.0,0,0
Lg,Gram,Intel,Core i5,10th,8,Ddr4,256,0,Windows,64,0,Casual,0,No,No,62990.0,99000,36,4.6,68,20
Dell,Inspiron,Intel,Core i5,11th,8,Ddr4,256,0,Windows,64,0,Thinnlight,0,No,No,55990.0,71578,21,3.3,3,0
Acer,Swift,Intel,Core i5,8th,8,Ddr3,256,0,Windows,64,0,Thinnlight,1,Yes,Yes,81998.0,82799,0,4.0,14,3
Hp,Spectre,Intel,Core i5,8th,8,Ddr4,256,0,Windows,64,0,Casual,1,Yes,Yes,136590.0,151133,9,0.0,0,0
Acer,Swift,Intel,Core i5,8th,8,Ddr4,256,0,Windows,64,0,Thinnlight,1,No,No,59490.0,65546,9,3.5,33,7
Asus,Vivobook14,Intel,Core i5,11th,8,Ddr4,256,0,Windows,64,0,Thinnlight,1,No,No,49800.0,66990,25,0.0,0,0
Lenovo,Ideapad,Intel,Core i5,11th,8,Ddr4,256,0,Windows,64,0,Casual,1,No,Yes,61999.0,68999,10,2.8,4,0
Hp,Unknown,Intel,Core i5,11th,8,Ddr4,512,0,Windows,64,0,Thinnlight,0,No,No,54990.0,70171,21,4.2,116,15
Hp,Unknown,Intel,Core i5,11th,8,Ddr4,512,0,Windows,64,0,Thinnlight,1,No,No,53990.0,70171,23,4.1,206,17
Lenovo,Ideapad,Intel,Core i5,11th,8,Ddr4,512,0,Windows,64,0,Casual,2,No,Yes,52990.0,74390,28,4.2,300,24
Hp,Pavilion,Intel,Core i5,11th,16,Ddr4,512,0,Windows,64,0,Thinnlight,1,No,Yes,67990.0,78294,13,4.5,108,6
Asus,Tuf,Intel,Core i5,10th,8,Ddr4,512,0,Windows,64,4,Gaming,1,No,No,57990.0,81990,29,4.5,3712,412
Lenovo,Ideapad,Intel,Core i5,11th,16,Ddr4,512,0,Windows,64,0,Thinnlight,1,No,Yes,62300.0,101390,38,4.4,825,95
Realme,Book(slim),Intel,Core i5,11th,8,Ddr4,512,0,Windows,64,0,Casual,1,No,Yes,52990.0,69999,24,4.4,3470,505
Lenovo,Unknown,Intel,Core i5,11th,8,Ddr4,512,0,Windows,64,0,Thinnlight,1,No,No,52990.0,84890,37,0.0,0,0
Lenovo,Ideapad,Intel,Core i5,11th,8,Ddr4,512,0,Windows,64,0,Thinnlight,2,No,Yes,51990.0,88990,41,4.2,85,4
Lenovo,Ideapad,Intel,Core i5,11th,16,Ddr4,512,0,Windows,64,0,Thinnlight,0,No,No,61990.0,97890,36,4.2,56,7
Redmibook,Pro,Intel,Core i5,11th,8,Ddr4,512,0,Windows,32,0,Thinnlight,1,No,No,48990.0,59990,18,4.2,1708,242
Asus,Vivobook,Intel,Core i5,11th,8,Lpddr4x,512,0,Windows,32,0,Casual,1,Yes,Yes,63990.0,82990,22,4.6,10,1
Lenovo,Thinkpad,Intel,Core i5,11th,8,Ddr4,512,0,Windows,64,0,Casual,1,No,Yes,65990.0,78109,15,4.6,17,4
Nokia,Purebook,Intel,Core i5,10th,8,Ddr4,512,0,Windows,64,0,Thinnlight,0,No,No,47990.0,90000,46,4.4,1119,242
Acer,Aspire,Intel,Core i5,11th,8,Ddr4,512,0,Windows,64,0,Thinnlight,1,No,No,52990.0,75999,30,4.2,155,20
Lenovo,Ideapad,Intel,Core i5,10th,8,Ddr4,512,0,Windows,64,0,Thinnlight,1,No,No,49990.0,79690,37,0.0,0,0
Asus,Asus,Intel,Core i5,11th,8,Ddr4,512,0,Windows,64,4,Gaming,0,No,No,71990.0,115990,37,4.4,91,17
Asus,Vivobook,Intel,Core i5,10th,8,Ddr4,512,0,Windows,64,0,Casual,1,No,No,47990.0,62990,23,4.0,35,2
Nokia,Purebook,Intel,Core i5,10th,8,Ddr4,512,0,Windows,64,0,Thinnlight,0,No,No,45990.0,74990,38,4.7,6,1
Lenovo,Ideapad,Intel,Core i5,10th,8,Ddr4,512,0,Windows,32,0,Thinnlight,2,No,Yes,48490.0,64290,24,4.3,126,13
Asus,Asus,Intel,Core i5,11th,8,Ddr4,512,0,Windows,64,4,Gaming,0,No,No,72990.0,105990,31,4.5,74,10
Msi,Katana,Intel,Core i5,11th,16,Ddr4,512,0,Windows,64,4,Casual,2,No,No,76990.0,106990,28,4.6,75,17
Asus,Tuf,Intel,Core i5,11th,16,Ddr4,512,0,Windows,64,6,Gaming,1,No,Yes,89990.0,129990,30,4.6,124,17
Msi,Gf63,Intel,Core i5,10th,8,Ddr4,512,0,Windows,64,4,Casual,2,No,No,59990.0,83990,28,4.5,1597,228
Asus,Tuf,Intel,Core i5,10th,8,Ddr4,512,0,Windows,64,4,Gaming,1,No,Yes,65990.0,89990,26,4.4,3850,378
Dell,Inspiron,Intel,Core i5,11th,8,Ddr4,512,0,Windows,64,0,Casual,0,Yes,No,71990.0,94201,23,4.7,7,1
Dell,Inspiron,Intel,Core i5,11th,8,Ddr4,512,0,Windows,64,0,Casual,0,Yes,No,71890.0,92549,22,4.3,3,0
Lenovo,Ideapad,Intel,Core i5,11th,16,Ddr4,512,0,Windows,64,0,Thinnlight,0,No,No,64990.0,97890,33,0.0,0,0
Asus,Vivobook,Intel,Core i5,11th,16,Ddr4,512,0,Windows,64,0,Casual,1,No,No,65990.0,90990,27,0.0,0,0
Hp,Unknown,Intel,Core i5,11th,8,Ddr4,512,0,Windows,64,0,Thinnlight,0,No,No,55999.0,66050,15,4.8,5,1
Asus,Vivobook,Intel,Core i5,11th,16,Ddr4,512,0,Windows,64,4,Casual,1,No,No,73490.0,110990,33,4.5,213,45
Hp,Pavilion,Intel,Core i5,11th,16,Ddr4,512,0,Windows,64,0,Thinnlight,1,No,Yes,74490.0,85359,12,4.3,10,0
Hp,Pavilion,Intel,Core i5,11th,8,Ddr4,512,0,Windows,64,0,Thinnlight,1,No,Yes,58340.0,74839,22,4.0,69,6
Acer,Aspire,Intel,Core i5,11th,8,Ddr4,512,0,Windows,64,0,Thinnlight,1,No,No,55999.0,75999,26,4.5,6,0
Dell,Inspiron,Intel,Core i5,11th,16,Ddr4,512,0,Windows,64,0,Thinnlight,0,No,No,67990.0,89849,24,4.4,93,9
Asus,Vivobook,Intel,Core i5,11th,16,Ddr4,512,0,Windows,64,0,Casual,1,No,No,59990.0,80990,25,4.5,11,2
Asus,Tuf,Intel,Core i5,11th,16,Ddr4,512,0,Windows,64,6,Casual,1,No,Yes,82990.0,104990,20,4.4,262,31
Dell,Vostro,Intel,Core i5,11th,8,Ddr4,512,0,Windows,64,2,Casual,1,No,Yes,64190.0,85391,24,0.0,0,0
Dell,Unknown,Intel,Core i5,11th,16,Ddr4,512,0,Windows,64,0,Thinnlight,0,No,No,70090.0,89395,21,4.0,5,1
Realme,Book(slim),Intel,Core i5,11th,8,Ddr4,512,0,Windows,64,0,Casual,1,No,Yes,60999.0,69999,12,4.4,3470,505
Asus,Unknown,Intel,Core i5,10th,8,Ddr4,512,0,Windows,64,2,Thinnlight,1,No,No,49990.0,64990,23,4.1,45,3
Msi,Unknown,Intel,Core i5,11th,8,Ddr4,512,0,Windows,64,0,Thinnlight,0,No,No,55490.0,66990,17,3.9,8,1
Hp,Spectre,Intel,Core i5,11th,8,Lpddr4x,512,0,Windows,64,0,Casual,0,Yes,No,97990.0,114749,14,5.0,3,1
Asus,Vivobook,Intel,Core i5,9th,8,Ddr4,512,0,Windows,64,4,Gaming,1,No,Yes,54990.0,76990,28,4.4,1681,227
Lenovo,Thinkbook,Intel,Core i5,11th,8,Ddr4,512,0,Windows,64,0,Thinnlight,1,No,Yes,59990.0,115167,47,4.3,37,2
Lenovo,Ideapad,Intel,Core i5,11th,8,Ddr4,512,0,Windows,64,0,Thinnlight,1,No,Yes,53990.0,79890,32,4.2,61,2
Hp,Pavilion,Intel,Core i5,11th,16,Ddr4,512,0,Windows,64,0,Thinnlight,1,No,Yes,66999.0,79445,15,4.4,17,1
Acer,Intel,Intel,Core i5,11th,8,Lpddr4x,512,0,Windows,64,0,Thinnlight,1,No,Yes,60990.0,89999,32,4.4,17,1
Asus,Unknown,Intel,Core i5,10th,8,Ddr4,512,0,Windows,64,0,Thinnlight,1,No,Yes,47990.0,62990,23,4.3,1625,152
Hp,Unknown,Intel,Core i5,11th,8,Ddr4,512,0,Windows,32,0,Thinnlight,1,No,Yes,59999.0,81684,26,4.0,4,1
Dell,G15,Intel,Core i5,10th,16,Ddr4,512,0,Windows,64,4,Casual,1,No,No,79990.0,103102,22,0.0,0,0
Asus,Tuf,Intel,Core i5,10th,8,Ddr4,512,0,Windows,64,4,Gaming,1,No,No,63990.0,74990,14,0.0,0,0
Hp,Pavilion,Intel,Core i5,11th,8,Ddr4,512,0,Windows,64,0,Thinnlight,1,No,Yes,63990.0,77327,17,4.7,17,1
Asus,Vivobook,Intel,Core i5,11th,16,Ddr4,512,0,Windows,64,0,Casual,1,No,No,59990.0,80990,25,0.0,0,0
Lenovo,Ideapad,Intel,Core i5,11th,8,Ddr4,512,0,Windows,64,0,Thinnlight,1,No,No,55990.0,89790,37,0.0,0,0
Hp,Pavilion,Intel,Core i5,11th,8,Ddr4,512,0,Windows,64,0,Thinnlight,1,No,Yes,63990.0,75023,14,4.7,3,0
Dell,Vostro,Intel,Core i5,11th,16,Ddr4,512,0,Windows,64,2,Casual,1,No,Yes,69490.0,92552,24,0.0,0,0
Dell,Inspiron,Intel,Core i5,11th,16,Ddr4,512,0,Windows,64,0,Casual,1,Yes,Yes,89390.0,109353,18,0.0,0,0
Asus,Zenbook,Intel,Core i5,11th,8,Lpddr4x,512,0,Windows,64,0,Thinnlight,0,No,No,74990.0,86990,13,0.0,0,0
Lenovo,Thinkbook,Intel,Core i5,11th,8,Ddr4,512,0,Windows,64,0,Casual,3,Yes,Yes,64990.0,151557,57,4.0,48,12
Lenovo,Legion,Intel,Core i5,10th,8,Ddr4,512,0,Windows,64,4,Casual,1,No,Yes,66490.0,93690,29,4.4,282,36
Dell,Inspiron,Intel,Core i5,11th,16,Ddr4,512,0,Windows,64,2,Casual,1,No,Yes,89702.0,0,0,0.0,0,0
Lenovo,Ideapad,Intel,Core i5,11th,16,Ddr4,512,0,Windows,64,2,Casual,1,No,Yes,70990.0,104890,32,4.2,67,4
Infinix,Inbook,Intel,Core i5,10th,8,Lpddr4x,512,0,Windows,64,0,Thinnlight,0,No,No,42490.0,59999,29,4.1,383,65
Asus,Vivobook,Intel,Core i5,11th,16,Ddr4,512,0,Windows,64,0,Casual,1,Yes,Yes,58990.0,85990,31,0.0,0,0
Lenovo,Ideapad,Intel,Core i5,10th,8,Ddr4,512,0,Windows,64,2,Casual,1,No,Yes,57500.0,86720,33,0.0,0,0
Dell,Inspiron,Intel,Core i5,11th,8,Ddr4,512,0,Windows,64,2,Casual,1,Yes,Yes,79990.0,97946,18,4.6,23,2
Msi,Modern,Intel,Core i5,10th,8,Ddr4,512,0,Windows,64,0,Casual,0,No,No,56541.0,61990,8,4.4,677,87
Asus,Unknown,Intel,Core i5,11th,16,Ddr4,512,0,Windows,64,0,Thinnlight,0,No,No,59990.0,82990,27,3.3,3,0
Lenovo,Thinkbook,Intel,Core i5,11th,16,Ddr4,512,0,Windows,64,0,Casual,1,No,Yes,64990.0,120708,46,4.4,46,4
Dell,Unknown,Intel,Core i5,11th,8,Ddr4,512,0,Windows,64,0,Thinnlight,1,No,No,61290.0,73774,16,3.0,4,1
Lenovo,Unknown,Intel,Core i5,11th,8,Ddr4,512,0,Windows,64,0,Thinnlight,1,No,Yes,54990.0,66470,17,4.2,9,1
Lenovo,Thinkbook,Intel,Core i5,11th,8,Ddr4,512,0,Windows,64,0,Casual,1,No,Yes,59990.0,112608,46,4.4,26,4
Asus,Asus,Intel,Core i5,11th,8,Ddr4,512,0,Windows,32,6,Casual,1,No,No,84990.0,129990,34,5.0,5,0
Hp,Pavilion,Intel,Core i5,11th,8,Ddr4,512,0,Windows,64,0,Thinnlight,1,No,Yes,72500.0,80900,10,4.4,40,3
Lenovo,Ideapad,Intel,Core i5,11th,8,Ddr4,512,0,Windows,64,4,Gaming,0,No,No,59990.0,93690,35,3.9,44,6
Lenovo,Yoga,Intel,Core i5,11th,8,Ddr4,512,0,Windows,64,0,Casual,1,Yes,Yes,87990.0,125890,30,4.7,28,6
Hp,14s,Intel,Core i5,11th,8,Ddr4,512,0,Windows,64,0,Thinnlight,0,No,No,57990.0,63179,8,4.3,1541,123
Dell,Inspiron,Intel,Core i5,11th,8,Ddr4,512,0,Windows,64,0,Thinnlight,1,No,Yes,69490.0,69736,0,4.2,72,7
Lenovo,Thinkbook,Intel,Core i5,11th,8,Ddr4,512,0,Windows,64,0,Casual,3,Yes,Yes,68990.0,159180,56,4.6,44,8
Lenovo,Unknown,Intel,Core i5,11th,8,Ddr4,512,0,Windows,32,0,Casual,1,No,Yes,77990.0,80366,2,4.3,17,2
Asus,Zenbook,Intel,Core i5,11th,8,Lpddr4x,512,0,Windows,64,0,Casual,1,Yes,No,105990.0,140990,24,4.4,59,11
Msi,Prestige,Intel,Core i5,11th,8,Lpddr4x,512,0,Windows,64,0,Casual,1,No,No,79990.0,95990,16,0.0,0,0
Dell,Vostro,Intel,Core i5,11th,8,Ddr4,512,0,Windows,64,0,Thinnlight,1,No,Yes,55490.0,80711,31,4.1,337,27
Lenovo,Ideapad,Intel,Core i5,11th,8,Ddr4,512,0,Windows,64,0,Thinnlight,1,No,Yes,69990.0,104890,33,4.6,10,2
Asus,Zenbook,Intel,Core i5,11th,8,Ddr4,512,0,Windows,64,0,Casual,1,Yes,Yes,84990.0,116990,27,4.2,10,2
Dell,Inspiron,Intel,Core i5,11th,8,Ddr4,512,0,Windows,64,0,Thinnlight,0,No,No,59990.0,76143,21,3.8,31,7
Dell,Xps,Intel,Core i5,10th,8,Lpddr4x,512,0,Windows,64,0,Thinnlight,1,No,Yes,111890.0,154446,27,0.0,0,0
Dell,Inspiron,Intel,Core i5,11th,8,Ddr4,512,0,Windows,64,2,Casual,1,No,No,65990.0,88037,25,4.3,10,0
Asus,Zenbook,Intel,Core i5,11th,8,Lpddr4x,512,0,Windows,32,0,Casual,1,No,Yes,72990.0,90990,19,4.7,76,14
Dell,Inspiron,Intel,Core i5,11th,8,Ddr4,512,0,Windows,64,0,Thinnlight,1,No,Yes,71090.0,89849,20,4.1,44,6
Msi,Katana,Intel,Core i5,11th,8,Ddr4,512,0,Windows,64,4,Casual,2,No,No,74990.0,95990,21,0.0,0,0
Asus,Zenbook,Intel,Core i5,10th,8,Lpddr3,512,0,Windows,64,0,Casual,1,No,Yes,79990.0,98990,19,4.4,11,3
Msi,Modern,Intel,Core i5,11th,8,Ddr4,512,0,Windows,64,0,Casual,1,No,No,55490.0,67990,18,4.3,138,16
Dell,Vostro,Intel,Core i5,11th,8,Ddr4,512,0,Windows,64,2,Thinnlight,1,No,Yes,66490.0,87168,23,4.1,199,17
Asus,Vivobook,Intel,Core i5,11th,8,Ddr4,512,0,Windows,64,0,Casual,1,No,Yes,53400.0,69500,23,4.1,46,6
Dell,Inspiron,Intel,Core i5,11th,8,Ddr4,512,0,Windows,64,0,Casual,1,Yes,Yes,74500.0,78990,5,4.4,45,5
Dell,Xps,Intel,Core i5,11th,8,Lpddr4x,512,0,Windows,64,0,Thinnlight,1,No,Yes,114990.0,115729,0,0.0,0,0
Dell,Vostro,Intel,Core i5,11th,8,Ddr4,512,0,Windows,64,2,Thinnlight,0,No,No,61990.0,68859,9,4.1,35,4
Apple,Macbook,Intel,Core i5,10th,8,Lpddr4x,512,0,Mac,64,0,Casual,1,No,No,159990.0,174900,8,4.4,32,5
Apple,Macbook,Intel,Core i5,8th,8,Ddr3,512,0,Mac,64,0,Casual,1,No,No,172090.0,179900,4,4.2,108,13
Msi,Sword,Intel,Core i5,11th,8,Ddr4,512,0,Windows,64,4,Casual,0,No,No,74990.0,95990,21,0.0,0,0
Msi,Modern,Intel,Core i5,10th,8,Ddr4,512,0,Windows,64,0,Casual,1,No,No,56490.0,57240,1,4.5,814,112
Lenovo,Thinkpad,Intel,Core i5,10th,8,Ddr4,512,0,Windows,64,0,Thinnlight,3,No,No,147000.0,0,0,0.0,0,0
Lenovo,Ideapad,Intel,Core i5,11th,8,Ddr4,512,0,Windows,64,0,Thinnlight,1,No,Yes,55990.0,65438,14,4.2,75,9
Hp,Pavilion,Intel,Core i5,11th,8,Ddr4,512,0,Windows,64,4,Gaming,1,No,Yes,77990.0,93565,16,0.0,0,0
Hp,Envy,Intel,Core i5,10th,8,Ddr4,512,0,Windows,64,4,Casual,1,No,Yes,106490.0,138366,23,4.7,3,0
Lenovo,Ideapad,Intel,Core i5,11th,8,Ddr4,512,0,Windows,32,2,Casual,1,No,Yes,70990.0,113290,37,4.6,11,3
Lenovo,Thinkpad,Intel,Core i5,11th,8,Ddr4,512,0,Windows,64,0,Casual,1,No,Yes,64990.0,77487,16,4.4,125,11
Acer,Aspire,Intel,Core i5,11th,8,Ddr4,512,0,Windows,64,0,Casual,1,No,No,57990.0,65000,10,0.0,0,0
Asus,Tuf,Intel,Core i5,10th,8,Ddr4,512,0,Windows,64,4,Gaming,1,No,No,64990.0,81990,20,4.5,4,0
Msi,Modern,Intel,Core i5,10th,8,Ddr4,512,0,Windows,64,0,Casual,1,No,No,54990.0,61990,11,4.4,714,147
Vaio,Se,Intel,Core i5,8th,8,Ddr4,512,0,Windows,64,0,Thinnlight,2,No,Yes,62890.0,84690,25,4.0,85,14
Hp,Spectre,Intel,Core i5,11th,8,Lpddr4x,512,0,Windows,64,0,Casual,0,Yes,No,111999.0,146194,23,0.0,0,0
Lenovo,Yoga,Intel,Core i5,10th,8,Lpddr4x,512,0,Windows,64,2,Casual,1,No,Yes,70798.0,101090,29,4.0,21,3
Lenovo,Legion,Intel,Core i5,9th,8,Ddr4,512,0,Windows,64,4,Casual,0,No,No,59990.0,84990,29,3.8,9,1
Acer,Conceptd,Intel,Core i5,8th,8,Ddr4,512,0,Windows,64,4,Casual,1,No,No,99500.0,119999,17,0.0,0,0
Hp,14s,Intel,Core i5,10th,8,Ddr4,512,0,Windows,64,0,Thinnlight,1,No,Yes,55990.0,77996,28,4.2,30,4
Asus,Zenbook,Intel,Core i5,8th,8,Lpddr3,512,0,Windows,64,0,Thinnlight,1,No,No,72990.0,90990,19,4.2,44,4
Acer,Swift,Intel,Core i5,8th,8,Ddr3,512,0,Windows,64,0,Thinnlight,1,No,No,64990.0,87999,26,3.8,4,1
Asus,Unknown,Intel,Core i5,11th,8,Ddr4,512,0,Windows,64,0,Thinnlight,0,No,No,57990.0,70990,18,0.0,0,0
Hp,Hp,Intel,Core i5,11th,8,Ddr4,512,0,Windows,64,2,Casual,1,Yes,Yes,76990.0,99203,22,4.4,14,2
Lenovo,Ideapad,Intel,Core i5,11th,8,Ddr4,512,0,Windows,64,0,Casual,2,No,Yes,62998.0,79890,21,4.3,739,71
Dell,Inspiron,Intel,Core i5,11th,8,Ddr4,512,0,Windows,64,0,Casual,1,Yes,Yes,77990.0,98200,20,4.5,31,5
Hp,Spectre,Intel,Core i5,10th,8,Ddr4,512,0,Windows,64,0,Casual,1,Yes,Yes,114990.0,122803,6,4.4,145,19
Dell,Dell,Intel,Core i5,10th,8,Ddr4,512,0,Windows,64,2,Casual,1,No,Yes,65990.0,75800,12,0.0,0,0
Dell,Inspiron,Intel,Core i5,11th,8,Ddr4,512,0,Windows,64,2,Casual,1,No,Yes,88990.0,90605,1,3.8,19,2
Lenovo,X390,Intel,Core i5,10th,8,Ddr4,512,0,Windows,64,0,Casual,0,No,No,113590.0,120000,5,0.0,0,0
Mi,Notebook,Intel,Core i5,10th,8,Ddr4,512,0,Windows,64,2,Casual,1,No,No,54990.0,59999,8,4.3,545,74
Asus,Vivobook,Intel,Core i5,11th,8,Lpddr4x,512,0,Windows,64,0,Casual,1,Yes,Yes,73990.0,84990,12,4.2,32,6
Lg,Gram,Intel,Core i5,11th,8,Ddr4,512,0,Windows,64,0,Thinnlight,0,No,No,86990.0,130000,33,0.0,0,0
Hp,Unknown,Intel,Core i5,11th,8,Ddr4,512,0,Windows,64,0,Thinnlight,1,No,Yes,61000.0,68000,10,4.3,1124,100
Asus,Zenbook,Intel,Core i5,11th,8,Lpddr4x,512,0,Windows,64,0,Casual,1,Yes,No,99990.0,122990,18,4.9,35,6
Lenovo,Thinkpad,Intel,Core i5,11th,8,Ddr4,512,0,Windows,64,0,Thinnlight,1,No,Yes,67990.0,76915,11,4.8,9,0
Dell,Inspiron,Intel,Core i5,11th,8,Ddr4,512,0,Windows,64,0,Casual,1,Yes,Yes,70799.0,89564,20,4.7,98,6
Lenovo,Thinkpad,Intel,Core i5,11th,8,Ddr4,512,0,Windows,64,0,Thinnlight,1,No,Yes,65990.0,75879,13,4.1,31,2
Asus,Vivobook,Intel,Core i5,8th,8,Ddr4,512,0,Windows,64,0,Thinnlight,1,No,No,53690.0,58990,8,4.4,19,3
Msi,Modern,Intel,Core i5,11th,8,Ddr4,512,0,Windows,64,0,Thinnlight,1,No,No,55990.0,67990,17,0.0,0,0
Asus,Vivobook,Intel,Core i5,11th,8,Ddr4,512,0,Windows,64,0,Casual,1,No,Yes,53190.0,69990,24,4.5,11,0
Lenovo,Ideapad,Intel,Core i5,10th,8,Ddr4,512,0,Windows,32,2,Casual,2,No,Yes,58999.0,65999,10,4.4,45,3
Dell,Inspiron,Intel,Core i5,11th,8,Ddr4,512,0,Windows,64,2,Thinnlight,3,No,No,71990.0,86000,16,0.0,0,0
Hp,Unknown,Intel,Core i5,11th,8,Ddr4,512,0,Windows,32,4,Casual,0,No,No,82000.0,89000,7,0.0,0,0
Asus,Zenbook,Intel,Core i5,11th,8,Lpddr4x,512,0,Windows,64,0,Thinnlight,0,No,No,84990.0,104990,19,0.0,0,0
Lenovo,Thinpad,Intel,Core i5,11th,8,Ddr4,512,0,Windows,64,2,Casual,0,No,No,89998.0,101525,11,0.0,0,0
Asus,Zenbook,Intel,Core i5,11th,8,Lpddr4x,512,0,Windows,64,0,Casual,1,Yes,No,99990.0,122990,18,0.0,0,0
Asus,Zenbook,Intel,Core i5,11th,8,Lpddr4x,512,0,Windows,64,0,Thinnlight,0,No,No,84990.0,110990,23,0.0,0,0
Lenovo,Ideapad,Intel,Core i5,10th,8,Ddr4,512,0,Windows,64,4,Gaming,0,No,No,69899.0,73899,5,4.3,474,37
Dell,Inpiron,Intel,Core i5,10th,8,Ddr4,512,0,Windows,64,4,Casual,1,No,No,79990.0,117587,31,0.0,0,0
Dell,Gaming,Intel,Core i5,10th,8,Ddr4,512,0,Windows,64,4,Casual,1,No,No,76300.0,79999,4,4.2,6,0
Lenovo,Ideapad,Intel,Core i5,10th,8,Ddr4,512,0,Windows,64,0,Casual,1,No,Yes,55999.0,89999,37,0.0,0,0
Dell,Inspiron,Intel,Core i5,11th,8,Ddr4,512,0,Windows,64,0,Thinnlight,0,No,No,72900.0,74900,2,3.9,24,4
Dell,Inspiron,Intel,Core i5,11th,8,Ddr4,512,0,Windows,64,0,Casual,1,Yes,Yes,73990.0,92600,20,4.5,195,17
Asus,Zenbook,Intel,Core i5,11th,8,Lpddr4,512,0,Windows,64,0,Thinnlight,0,No,No,84990.0,104990,19,0.0,0,0
Dell,Unknown,Intel,Core i5,11th,8,Ddr4,512,0,Windows,32,2,Casual,0,No,No,73519.0,88400,16,0.0,0,0
Hp,Spectre,Intel,Core i5,10th,8,Ddr4,512,0,Windows,64,0,Casual,1,Yes,No,126000.0,152042,17,5.0,2,1
Lenovo,Yoga,Intel,Core i5,10th,8,Lpddr4,0,512,Dos,32,0,Casual,0,No,No,171998.0,237890,27,0.0,0,0
Asus,Asus,Intel,Core i5,11th,8,Ddr4,512,0,Windows,64,6,Casual,1,No,No,88990.0,129990,31,0.0,0,0
Hp,Hp,Intel,Core i5,11th,8,Ddr4,512,0,Windows,64,0,Thinnlight,1,Yes,Yes,114999.0,138166,16,0.0,0,0
Dell,Inspiron,Intel,Core i5,11th,8,Ddr4,512,0,Windows,64,2,Casual,1,Yes,Yes,82990.0,94600,12,4.5,21,2
Acer,Intel,Intel,Core i5,11th,8,Ddr4,512,0,Windows,64,0,Thinnlight,0,Yes,No,109999.0,0,0,0.0,0,0
Lenovo,Yoga,Intel,Core i5,11th,8,Ddr4,512,0,Windows,64,0,Thinnlight,1,Yes,Yes,82990.0,117490,29,0.0,0,0
Dell,Inspiron,Intel,Core i5,11th,8,Ddr4,512,0,Windows,64,2,Casual,1,Yes,Yes,79990.0,88600,9,4.8,5,0
Asus,Zenbook,Intel,Core i5,11th,8,Lpddr4x,512,0,Windows,64,0,Casual,1,Yes,No,114990.0,140990,18,0.0,0,0
Hp,Spectre,Intel,Core i5,11th,8,Lpddr4x,512,0,Windows,64,0,Casual,1,Yes,No,129999.0,155436,16,0.0,0,0
Msi,Gs,Intel,Core i5,8th,8,Ddr5,512,0,Windows,32,6,Casual,0,No,No,149990.0,169990,11,4.1,10,3
Dell,Inspiron,Intel,Core i5,11th,8,Ddr4,512,0,Windows,64,2,Casual,0,No,No,71290.0,95136,25,0.0,0,0
Dell,Inspiron,Intel,Core i5,10th,8,Ddr4,512,0,Windows,64,0,Thinnlight,1,No,Yes,79500.0,99433,20,4.3,10,1
Dell,Inspiron,Intel,Core i5,10th,8,Ddr4,512,0,Windows,64,2,Casual,1,No,Yes,82990.0,107786,23,3.7,15,3
Dell,Inspiron,Intel,Core i5,11th,8,Ddr4,512,0,Windows,64,2,Casual,1,No,Yes,70980.0,76094,6,4.4,138,23
Hp,430,Intel,Core i5,11th,8,Ddr4,512,0,Windows,32,0,Casual,0,No,No,94000.0,98000,4,0.0,0,0
Dell,Unknown,Intel,Core i5,11th,8,Ddr4,512,0,Windows,64,2,Casual,0,Yes,No,82990.0,94890,12,4.4,16,3
Msi,Prestige,Intel,Core i5,11th,8,Lpddr4x,512,0,Windows,64,0,Casual,1,No,No,79990.0,93489,14,4.9,11,4
Asus,Pro,Intel,Core i5,8th,8,Ddr4,512,0,Windows,64,0,Thinnlight,0,No,No,85990.0,88990,3,0.0,0,0
Asus,Expertbook,Intel,Core i5,10th,8,Ddr4,512,0,Windows,64,2,Casual,0,No,No,86990.0,0,0,0.0,0,0
Asus,Zenbook,Intel,Core i5,10th,8,Lpddr3,512,0,Windows,64,2,Casual,1,No,Yes,105990.0,0,0,5.0,4,0
Asus,Expertbook,Intel,Core i5,10th,8,Lpddr3,512,0,Windows,64,0,Casual,0,No,No,84990.0,141990,40,0.0,0,0
Lenovo,Ideapad,Intel,Core i5,8th,8,Ddr4,512,0,Windows,64,2,Casual,1,No,Yes,59999.0,80000,25,4.4,22,3
Lenovo,Yoga,Intel,Core i5,11th,8,Ddr4,512,0,Windows,64,0,Casual,1,No,Yes,91999.0,92000,0,4.6,16,2
Dell,Inspiron,Intel,Core i5,11th,8,Ddr4,512,0,Windows,64,0,Casual,1,Yes,Yes,78900.0,84900,7,3.6,16,1
Asus,Expertbook,Intel,Core i5,10th,8,Lpddr3,512,0,Windows,64,0,Casual,0,No,No,132790.0,172990,23,0.0,0,0
Nokia,Purebook,Intel,Core i5,11th,16,Ddr4,512,0,Windows,64,0,Thinnlight,0,No,No,55990.0,82990,32,4.1,117,31
Lenovo,Ideapad,Intel,Core i5,11th,8,Ddr4,512,0,Windows,64,4,Gaming,0,No,No,60990.0,93690,34,3.9,14,6
Avita,Liber,Intel,Core i5,7th,8,Ddr4,512,0,Windows,64,0,Thinnlight,0,No,No,65556.0,79990,18,0.0,0,0
Dell,Inspiron,Intel,Core i5,11th,16,Ddr4,512,0,Windows,64,0,Thinnlight,0,No,No,70190.0,90783,22,3.5,6,3
Dell,Unknown,Intel,Core i5,11th,8,Ddr4,512,0,Windows,64,2,Casual,1,Yes,No,79590.0,106082,24,0.0,0,0
Asus,Tuf,Intel,Core i5,11th,8,Ddr4,512,0,Windows,64,4,Casual,1,No,No,76990.0,105990,27,0.0,0,0
Nokia,Purebook,Intel,Core i5,11th,8,Ddr4,512,0,Windows,64,0,Thinnlight,0,No,No,52790.0,82990,36,4.0,5,0
Avita,Liber,Intel,Core i5,8th,8,Ddr4,512,0,Windows,64,0,Thinnlight,0,No,No,44990.0,76990,41,3.4,17,3
Asus,Intel,Intel,Core i5,11th,8,Ddr4,512,0,Windows,64,0,Casual,1,Yes,Yes,84990.0,115990,26,3.9,17,2
Lenovo,Ideapad,Intel,Core i5,10th,8,Ddr4,512,0,Windows,64,2,Casual,1,Yes,Yes,86999.0,109000,20,4.7,3,0
Hp,Pavilion,Intel,Core i5,11th,16,Ddr4,512,0,Windows,64,2,Casual,1,No,No,78000.0,89000,12,4.4,512,85
Avita,Liber,Intel,Core i5,8th,8,Ddr4,512,0,Windows,64,0,Thinnlight,0,No,No,73063.0,76990,5,3.4,17,3
Hp,Hp,Intel,Core i5,11th,16,Ddr4,512,0,Windows,64,4,Casual,1,No,Yes,100990.0,113000,10,0.0,0,0
Lenovo,Ideapad,Intel,Core i5,8th,8,Ddr4,512,0,Windows,64,0,Thinnlight,1,No,Yes,74990.0,83458,10,3.3,3,1
Asus,Rog,Intel,Core i5,10th,8,Ddr4,512,0,Windows,64,4,Casual,0,No,No,75990.0,101990,25,4.6,1365,137
Lenovo,Unknown,Intel,Core i5,11th,8,Ddr4,512,0,Windows,32,2,Casual,1,No,Yes,84086.0,0,0,3.5,8,3
Asus,Asus,Intel,Core i5,11th,8,Ddr4,1024,0,Windows,64,4,Gaming,0,No,No,75990.0,116990,35,4.5,368,48
Asus,Tuf,Intel,Core i5,11th,8,Ddr4,1024,0,Windows,64,4,Gaming,1,No,Yes,77990.0,115990,32,4.4,202,26
Asus,Rog,Intel,Core i5,10th,8,Ddr4,1024,0,Windows,64,4,Casual,1,No,No,77990.0,149990,48,4.5,187,26
Apple,Macbook,Intel,Core i5,10th,16,Lpddr4x,1024,0,Mac,64,0,Casual,1,No,No,179990.0,194900,7,4.7,31,3
Apple,Macbook,Intel,Core i5,10th,16,Lpddr4x,1024,0,Mac,64,0,Casual,1,No,No,179990.0,194900,7,4.8,91,5
Asus,Rog,Intel,Core i5,10th,8,Ddr4,1024,0,Windows,64,4,Casual,0,No,No,82990.0,107990,23,4.5,844,118
Asus,Tuf,Intel,Core i5,11th,8,Ddr4,1024,0,Windows,64,4,Casual,1,No,No,87990.0,126990,30,0.0,0,0
Asus,F17,Intel,Core i5,11th,8,Ddr4,1024,0,Windows,64,4,Casual,0,No,No,84500.0,105000,19,4.3,3,0
Dell,Inspiron,Intel,Core i5,11th,8,Lpddr4x,1024,0,Windows,64,0,Thinnlight,0,No,No,74190.0,83417,11,4.5,21,3
Lenovo,Thinkbook,Intel,Core i5,11th,8,Ddr4,1024,0,Windows,64,0,Thinnlight,1,No,Yes,64990.0,121608,46,3.0,4,0
Lenovo,Thinkpad,Intel,Core i5,10th,8,Ddr4,512,512,Windows,64,0,Thinnlight,3,Yes,No,155411.0,0,0,0.0,0,0
Lenovo,Thinkpad,Intel,Core i5,10th,8,Ddr4,512,512,Windows,64,0,Thinnlight,3,Yes,No,125394.0,146680,14,0.0,0,0
Acer,Aspire,Intel,Core i5,11th,8,Ddr4,0,1024,Windows,64,0,Casual,0,No,No,49990.0,65999,24,0.0,0,0
Acer,Aspire,Intel,Core i5,11th,8,Ddr4,0,1024,Windows,64,0,Thinnlight,1,No,No,46990.0,56999,17,3.8,253,28
Dell,Vostro,Intel,Core i5,11th,8,Ddr4,0,1024,Windows,64,0,Thinnlight,1,No,Yes,48990.0,70286,30,3.6,470,46
Acer,Aspire,Intel,Core i5,8th,8,Ddr4,0,1024,Windows,64,2,Casual,1,No,Yes,59999.0,62511,4,4.1,118,28
Asus,Vivobook,Intel,Core i5,10th,8,Ddr4,0,1024,Windows,64,0,Thinnlight,1,No,No,46990.0,55990,16,4.0,1444,179
Msi,Gf63,Intel,Core i5,10th,8,Ddr4,0,1024,Windows,64,4,Casual,2,No,No,52990.0,72990,27,4.1,1114,137
Lenovo,Unknown,Intel,Core i5,7th,8,Ddr4,0,1024,Windows,32,2,Casual,0,No,No,57999.0,82999,30,0.0,0,0
Lenovo,B50-70,Intel,Core i5,4th,8,Ddr3,0,1024,Windows,64,0,Casual,0,No,No,52490.0,0,0,3.8,78,17
Lenovo,Ideapad,Intel,Core i5,8th,8,Ddr4,0,1024,Windows,64,4,Casual,1,No,No,56990.0,62594,8,4.0,21,5
Acer,Aspire,Intel,Core i5,8th,8,Ddr4,0,1024,Windows,64,2,Thinnlight,1,No,No,61990.0,62549,0,4.1,73,21
Dell,Unknown,Intel,Core i5,11th,8,Ddr4,0,1024,Windows,32,0,Casual,0,No,No,58090.0,59990,3,0.0,0,0
Asus,Expertbook,Intel,Core i5,10th,8,Ddr4,0,1024,Windows,64,0,Casual,0,No,No,56990.0,70990,19,0.0,0,0
Acer,Aspire,Intel,Core i5,8th,8,Ddr4,0,1024,Windows,64,0,Thinnlight,1,No,No,61597.0,0,0,0.0,0,0
Asus,Pro,Intel,Core i5,8th,8,Ddr4,0,1024,Windows,64,0,Thinnlight,0,No,No,81990.0,0,0,0.0,0,0
Asus,Expertbook,Intel,Core i5,10th,8,Ddr4,0,1024,Windows,64,0,Casual,0,No,No,61249.0,68990,11,0.0,0,0
Dell,Unknown,Intel,Core i5,11th,8,Ddr4,0,1024,Windows,32,0,Casual,0,No,No,58990.0,68900,14,0.0,0,0
Asus,Expertbook,Intel,Core i5,10th,8,Ddr4,0,1024,Windows,64,2,Casual,0,No,No,83990.0,0,0,0.0,0,0
Msi,Ge76,Intel,Core i5,10th,8,Lpddr4,0,512,Dos,32,6,Casual,0,No,No,291190.0,330990,12,4.6,7,3
Msi,Gp65,Intel,Core i5,10th,8,Lpddr4,0,512,Dos,32,6,Casual,0,No,No,145990.0,0,0,4.5,715,106
Msi,Gp76,Intel,Core i5,10th,8,Lpddr4,0,512,Dos,32,8,Casual,0,No,No,179990.0,201990,10,4.4,24,5
Hp,Pavilion,Intel,Core i5,8th,8,Ddr4,0,1024,Windows,64,2,Casual,1,No,Yes,64990.0,68270,4,4.3,23,4
Hp,15q,Intel,Core i5,8th,8,Ddr4,0,1024,Windows,64,0,Casual,1,No,No,46790.0,50190,6,4.2,3062,325
Hp,Unknown,Intel,Core i5,7th,4,Ddr4,0,1024,Windows,64,0,Casual,1,No,No,44599.0,0,0,4.1,122,12
Acer,Swift,Intel,Core i5,8th,8,Ddr4,0,1024,Windows,64,2,Casual,1,No,No,72964.0,73199,0,4.2,18,6
Hp,250,Intel,Core i5,10th,8,Ddr4,0,1024,Windows,32,0,Casual,1,No,Yes,48790.0,54786,10,3.4,11,1
Acer,Aspire,Intel,Core i5,10th,8,Ddr4,0,1024,Windows,64,2,Casual,1,No,No,56491.0,0,0,3.2,30,6
Asus,Vivobook,Intel,Core i5,11th,8,Ddr4,256,1024,Windows,32,0,Casual,1,No,Yes,50990.0,70990,28,4.3,1188,127
Asus,Vivobook,Intel,Core i5,10th,8,Ddr4,256,1024,Windows,64,4,Gaming,0,No,No,55990.0,81990,31,4.5,23,0
Acer,Aspire,Intel,Core i5,11th,8,Ddr4,256,1024,Windows,64,0,Casual,1,No,No,57990.0,69999,17,4.6,32,1
Asus,Vivobook,Intel,Core i5,11th,8,Ddr4,256,1024,Windows,64,0,Casual,1,No,No,52990.0,72990,27,0.0,0,0
Dell,Inspiron,Intel,Core i5,11th,8,Ddr4,256,1024,Windows,64,0,Casual,1,No,No,57990.0,74833,22,4.2,47,0
Acer,Aspire,Intel,Core i5,11th,8,Ddr4,256,1024,Windows,64,0,Thinnlight,1,No,No,56990.0,64999,12,4.0,27,2
Acer,Travelmate,Intel,Core i5,11th,8,Ddr4,256,1024,Windows,64,0,Casual,0,No,No,55490.0,60000,7,3.8,8,3
Dell,Inspiron,Intel,Core i5,11th,8,Ddr4,256,1024,Windows,64,2,Casual,1,No,No,62490.0,86199,27,3.9,157,20
Asus,Vivobook,Intel,Core i5,11th,16,Ddr4,256,1024,Windows,64,0,Casual,1,No,No,64990.0,85990,24,4.7,10,1
Lenovo,Ideapad,Intel,Core i5,11th,8,Ddr4,256,1024,Windows,64,2,Casual,1,No,Yes,59990.0,93690,35,4.3,52,4
Asus,Vivobook,Intel,Core i5,11th,8,Ddr4,256,1024,Windows,64,2,Casual,1,No,Yes,60190.0,78990,23,4.4,33,4
Asus,Vivobook,Intel,Core i5,9th,8,Ddr4,256,1024,Windows,64,4,Gaming,0,No,No,54490.0,77990,30,4.3,343,47
Lenovo,Legion,Intel,Core i5,9th,8,Ddr4,256,1024,Windows,64,4,Casual,1,No,Yes,60990.0,86690,29,4.3,131,17
Dell,Inspiron,Intel,Core i5,11th,4,Ddr4,256,1024,Windows,64,0,Thinnlight,1,No,Yes,55790.0,60078,7,4.2,41,4
Asus,Vivobook,Intel,Core i5,11th,16,Ddr4,256,1024,Windows,64,0,Casual,1,No,Yes,64990.0,85990,24,4.3,328,51
Asus,Unknown,Intel,Core i5,11th,16,Ddr4,256,1024,Windows,64,0,Thinnlight,0,No,No,58990.0,85990,31,4.8,6,1
Dell,Vostro,Intel,Core i5,11th,8,Ddr4,256,1024,Windows,64,0,Thinnlight,1,No,Yes,54990.0,80284,31,3.8,353,28
Hp,Pavilion,Intel,Core i5,11th,8,Ddr4,256,1024,Windows,64,4,Gaming,1,No,Yes,71990.0,87717,17,4.3,127,20
Dell,3511,Intel,Core i5,11th,8,Ddr4,256,1024,Windows,64,2,Casual,1,No,No,69900.0,87320,19,0.0,0,0
Lenovo,Ideapad,Intel,Core i5,11th,8,Ddr4,256,1024,Windows,64,2,Casual,1,No,Yes,65990.0,99290,33,4.2,241,19
Asus,Vivobook,Intel,Core i5,11th,8,Ddr4,256,1024,Windows,64,0,Casual,1,No,No,49990.0,72990,31,3.9,22,2
Dell,Vostro,Intel,Core i5,11th,8,Ddr4,256,1024,Windows,64,0,Thinnlight,1,No,Yes,58990.0,74066,20,4.0,8,1
Lenovo,Ideapad,Intel,Core i5,10th,8,Ddr4,256,1024,Windows,64,4,Gaming,0,No,No,74590.0,109990,32,4.4,898,128
Asus,Unknown,Intel,Core i5,10th,8,Ddr4,256,1024,Windows,32,2,Casual,0,No,No,58990.0,67990,13,5.0,1,1
Asus,Vivobook,Intel,Core i5,11th,8,Ddr4,256,1024,Windows,64,0,Casual,1,No,No,64990.0,81990,20,0.0,0,0
Dell,Inspiron,Intel,Core i5,11th,8,Ddr4,256,1024,Windows,64,2,Casual,0,No,No,66490.0,88519,24,3.8,6,1
Dell,G3,Intel,Core i5,10th,8,Ddr4,256,1024,Windows,64,4,Casual,0,No,No,77900.0,82300,5,4.3,179,34
Dell,Inspiron,Intel,Core i5,11th,8,Ddr4,256,1024,Windows,64,2,Casual,0,No,No,67490.0,82600,18,3.8,41,5
Dell,Vostro,Intel,Core i5,11th,8,Ddr4,256,1024,Windows,64,0,Thinnlight,1,No,Yes,61990.0,68900,10,0.0,0,0
Dell,Inspiron,Intel,Core i5,11th,8,Ddr4,256,1024,Windows,64,0,Casual,1,No,Yes,58990.0,61990,4,4.3,114,9
Lenovo,Ideapad,Intel,Core i5,10th,8,Ddr4,256,1024,Windows,64,4,Gaming,0,No,No,74999.0,75500,0,4.3,268,25
Asus,Vivobook,Intel,Core i5,11th,8,Ddr4,256,1024,Windows,64,0,Casual,1,No,Yes,68900.0,78999,12,5.0,6,1
Dell,Inspiron,Intel,Core i5,11th,8,Ddr4,256,1024,Windows,64,2,Casual,0,No,No,71695.0,75732,5,4.2,153,16
Acer,Travelmate,Intel,Core i5,11th,16,Ddr4,256,1024,Windows,64,0,Casual,0,No,No,62490.0,85000,26,3.4,8,0
Dell,Inspiron,Intel,Core i5,8th,8,Ddr4,0,2048,Windows,64,2,Casual,1,No,Yes,62317.0,0,0,4.0,377,53
Msi,Gs66,Intel,Core i5,10th,8,Lpddr4,0,512,Dos,32,8,Casual,0,No,No,207290.0,235990,12,0.0,0,0
Dell,Inspiron,Intel,Core i7,8th,16,Ddr4,256,0,Windows,64,4,Casual,1,No,Yes,87990.0,88532,0,4.1,120,21
Avita,Liber,Intel,Core i7,8th,8,Ddr4,256,0,Windows,64,0,Thinnlight,0,No,No,73990.0,79990,7,0.0,0,0
Asus,Vivobook,Intel,Core i7,10th,16,Ddr4,512,0,Windows,64,0,Casual,1,No,No,57990.0,80990,28,4.3,76,9
Asus,Vivobook,Intel,Core i7,10th,8,Ddr4,512,0,Windows,64,4,Gaming,0,No,No,61990.0,88990,30,4.5,11,2
Msi,Gf63,Intel,Core i7,10th,16,Ddr4,512,0,Windows,64,4,Casual,2,No,No,79990.0,95990,16,4.5,484,56
Lenovo,Ideapad,Intel,Core i7,10th,8,Ddr4,512,0,Windows,64,4,Gaming,1,No,Yes,68990.0,99290,30,4.5,44,2
Mi,Notebook,Intel,Core i7,10th,8,Ddr4,512,0,Windows,64,2,Casual,1,No,No,59490.0,65999,9,4.2,399,40
Lenovo,Ideapad,Intel,Core i7,11th,16,Ddr4,512,0,Windows,64,0,Casual,1,Yes,Yes,85990.0,125890,31,4.4,77,10
Lenovo,Legion,Intel,Core i7,11th,16,Ddr4,512,0,Windows,64,4,Casual,1,No,Yes,99990.0,153490,34,4.4,11,3
Infinix,X1,Intel,Core i7,10th,16,Lpddr4x,512,0,Windows,64,8,Casual,0,No,No,54990.0,69999,21,4.3,57,14
Asus,Vivobook,Intel,Core i7,11th,8,Ddr4,512,0,Windows,64,0,Casual,1,No,Yes,77990.0,96990,19,4.3,21,5
Lenovo,Ideapad,Intel,Core i7,11th,8,Ddr4,512,0,Windows,64,4,Gaming,0,No,No,79990.0,118890,32,4.0,5,2
Hp,Pavilion,Intel,Core i7,11th,16,Ddr4,512,0,Windows,64,4,Casual,1,No,Yes,93190.0,118776,21,5.0,4,0
Asus,Zenbook,Intel,Core i7,11th,16,Lpddr4x,512,0,Windows,64,0,Casual,1,No,Yes,94990.0,122990,22,0.0,0,0
Lenovo,Thinkbook,Intel,Core i7,11th,16,Ddr4,512,0,Windows,64,0,Casual,3,Yes,Yes,84990.0,109696,22,4.5,13,2
Msi,Unknown,Intel,Core i7,10th,8,Ddr4,512,0,Windows,64,0,Thinnlight,0,No,No,57990.0,78990,26,4.4,15,0
Hp,Envy,Intel,Core i7,11th,16,Ddr4,512,0,Windows,64,0,Casual,1,Yes,Yes,102990.0,114751,10,4.7,11,2
Dell,Unknown,Intel,Core i7,11th,16,Ddr4,512,0,Windows,64,4,Casual,1,No,No,99990.0,128665,22,0.0,0,0
Asus,Asus,Intel,Core i7,11th,16,Ddr4,512,0,Windows,64,4,Gaming,0,No,No,94990.0,101990,6,4.5,118,15
Hp,Envy,Intel,Core i7,11th,16,Ddr4,512,0,Windows,64,0,Casual,1,Yes,Yes,104000.0,118776,12,0.0,0,0
Msi,Unknown,Intel,Core i7,11th,16,Ddr4,512,0,Windows,64,2,Casual,0,No,No,76990.0,85990,10,0.0,0,0
Hp,Pavilion,Intel,Core i7,11th,16,Ddr4,512,0,Windows,64,4,Gaming,1,No,Yes,90190.0,107262,15,4.3,6,1
Lenovo,Unknown,Intel,Core i7,11th,16,Ddr4,512,0,Windows,32,0,Casual,0,Yes,No,88488.0,96995,8,0.0,0,0
Msi,Prestige,Intel,Core i7,10th,16,Ddr4,512,0,Windows,64,4,Casual,1,No,No,109990.0,134990,18,4.3,138,30
Msi,Sword,Intel,Core i7,11th,16,Ddr4,512,0,Windows,64,4,Casual,0,No,No,86990.0,107990,19,0.0,0,0
Msi,Prestige,Intel,Core i7,11th,16,Lpddr4x,512,0,Windows,64,0,Casual,1,No,No,89990.0,99240,9,0.0,0,0
Hp,Spectre,Intel,Core i7,10th,16,Lpddr3,512,0,Windows,64,0,Casual,1,Yes,Yes,239759.0,0,0,0.0,0,0
Asus,Vivobook,Intel,Core i7,11th,16,Ddr4,512,0,Windows,64,2,Casual,1,No,Yes,78990.0,104990,24,4.5,35,4
Dell,Xps,Intel,Core i7,8th,16,Ddr3,512,0,Windows,64,0,Thinnlight,1,No,Yes,121890.0,139104,12,1.7,3,0
Asus,Zenbook,Intel,Core i7,8th,16,Lpddr3,512,0,Windows,64,0,Thinnlight,1,No,No,85990.0,99990,14,4.4,18,0
Msi,Katana,Intel,Core i7,11th,16,Ddr4,512,0,Windows,64,4,Casual,2,No,No,94990.0,117990,19,0.0,0,0
Hp,Pavilion,Intel,Core i7,11th,16,Ddr4,512,0,Windows,64,4,Gaming,1,No,Yes,92000.0,113019,18,4.5,8,1
Hp,Spectre,Intel,Core i7,10th,16,Ddr4,512,0,Windows,64,0,Casual,1,Yes,No,162990.0,192977,15,3.3,3,1
Dell,Xps,Intel,Core i7,11th,16,Lpddr4x,512,0,Windows,64,0,Thinnlight,1,No,Yes,135300.0,135553,0,5.0,5,2
Msi,Modern,Intel,Core i7,11th,16,Ddr4,512,0,Windows,64,0,Casual,0,No,No,64990.0,78990,17,4.4,33,5
Lenovo,Thinkpad,Intel,Core i7,10th,16,Ddr4,512,0,Windows,64,0,Thinnlight,3,No,No,174527.0,0,0,0.0,0,0
Lenovo,Thinkpad,Intel,Core i7,10th,16,Ddr4,512,0,Windows,64,0,Thinnlight,0,No,No,162299.0,178999,9,0.0,0,0
Dell,Inspiron,Intel,Core i7,10th,16,Ddr4,512,0,Windows,64,0,Casual,1,Yes,Yes,109190.0,119442,8,0.0,0,0
Hp,Pavilion,Intel,Core i7,11th,16,Ddr4,512,0,Windows,64,0,Casual,1,Yes,Yes,99999.0,102500,2,0.0,0,0
Msi,Prestige,Intel,Core i7,10th,16,Ddr4,512,0,Windows,64,2,Casual,1,No,No,104990.0,123990,15,4.0,85,9
Asus,Unknown,Intel,Core i7,11th,16,Lpddr4x,512,0,Windows,64,0,Thinnlight,0,Yes,No,109990.0,134990,18,0.0,0,0
Asus,Zenbook,Intel,Core i7,8th,16,Ddr3,512,0,Windows,64,0,Thinnlight,1,No,No,99990.0,122990,18,4.3,30,7
Lenovo,Unknown,Intel,Core i7,8th,16,Ddr4,512,0,Windows,64,2,Thinnlight,0,No,No,244801.0,0,0,0.0,0,0
Asus,Zenbook,Intel,Core i7,11th,16,Lpddr4x,512,0,Windows,64,0,Thinnlight,0,No,No,94990.0,122990,22,0.0,0,0
Lenovo,Ideapad,Intel,Core i7,8th,16,Ddr4,512,0,Windows,64,0,Thinnlight,1,No,Yes,86000.0,0,0,0.0,0,0
Lenovo,Unknown,Intel,Core i7,10th,16,Ddr4,512,0,Windows,32,2,Casual,0,No,No,162399.0,206997,21,0.0,0,0
Hp,Unknown,Intel,Core i7,11th,16,Ddr4,512,0,Windows,32,0,Casual,0,No,No,119599.0,195000,38,0.0,0,0
Lenovo,Unknown,Intel,Core i7,10th,16,Lpddr3,512,0,Windows,64,0,Thinnlight,0,No,No,211753.0,214760,1,0.0,0,0
Lenovo,Intel,Intel,Core i7,11th,16,Ddr4,512,0,Windows,32,0,Casual,0,No,No,110999.0,139000,20,0.0,0,0
Dell,Unknown,Intel,Core i7,11th,16,Ddr4,512,0,Windows,64,4,Casual,1,No,No,99990.0,128665,22,0.0,0,0
Asus,Zenbook,Intel,Core i7,8th,8,Lpddr3,512,0,Windows,64,0,Thinnlight,1,No,No,81990.0,102987,20,4.3,40,4
Msi,Gf63,Intel,Core i7,9th,8,Ddr4,512,0,Windows,64,4,Casual,2,No,No,66990.0,104990,36,4.5,1639,230
Msi,Gf65,Intel,Core i7,10th,16,Ddr4,1024,0,Windows,64,6,Casual,2,No,No,84990.0,123990,31,4.4,498,64
Asus,Zenbook,Intel,Core i7,11th,16,Lpddr4x,1024,0,Windows,64,2,Casual,1,Yes,Yes,104990.0,146990,28,0.0,0,0
Asus,Zenbook,Intel,Core i7,11th,16,Lpddr4x,1024,0,Windows,64,0,Casual,1,Yes,No,134990.0,164990,18,0.0,0,0
Asus,Asus,Intel,Core i7,11th,16,Ddr4,1024,0,Windows,64,4,Gaming,0,No,No,98990.0,136990,27,4.5,445,56
Hp,Envy,Intel,Core i7,10th,16,Ddr4,1024,0,Windows,64,6,Casual,1,No,Yes,144690.0,173453,16,4.2,17,4
Asus,Zenbook,Intel,Core i7,11th,16,Lpddr4x,1024,0,Windows,64,0,Thinnlight,0,No,No,99990.0,128990,22,0.0,0,0
Msi,Stealth,Intel,Core i7,11th,16,Ddr4,1024,0,Windows,64,6,Casual,2,No,No,119990.0,162990,26,4.3,20,3
Asus,Zephyrus,Intel,Core i7,11th,16,Ddr4,1024,0,Windows,32,4,Casual,1,No,No,194990.0,0,0,0.0,0,0
Asus,Zenbook,Intel,Core i7,10th,16,Lpddr3,1024,0,Windows,64,2,Casual,1,No,Yes,124990.0,146990,14,4.6,17,1
Dell,Inspiron,Intel,Core i7,11th,16,Ddr4,1024,0,Windows,64,2,Casual,0,No,No,122410.0,0,0,0.0,0,0
Hp,Spectre,Intel,Core i7,10th,16,Ddr4,1024,0,Windows,64,0,Casual,1,Yes,No,179990.0,216368,16,4.2,13,5
Msi,Summit,Intel,Core i7,11th,16,Ddr4,1024,0,Windows,64,4,Casual,2,Yes,No,154990.0,156990,1,4.0,3,2
Lenovo,Yoga,Intel,Core i7,11th,16,Lpddr4x,1024,0,Windows,64,0,Casual,1,No,Yes,122990.0,167890,26,3.0,4,2
Asus,Unknown,Intel,Core i7,10th,16,Ddr4,1024,0,Windows,64,6,Casual,1,Yes,No,224990.0,272990,17,4.7,9,0
Msi,Stealth,Intel,Core i7,12th,16,Ddr5,1024,0,Windows,64,8,Casual,0,No,No,279990.0,313990,10,0.0,0,0
Hp,Omen,Intel,Core i7,11th,16,Ddr4,1024,0,Windows,64,4,Casual,0,No,No,121990.0,138399,11,0.0,0,0
Hp,Omen,Intel,Core i7,11th,16,Ddr4,1024,0,Windows,64,4,Casual,0,No,No,116990.0,132717,11,0.0,0,0
Lenovo,Legion,Intel,Core i7,11th,16,Ddr4,1024,0,Windows,64,6,Casual,0,No,No,151098.0,224490,32,4.4,7,0
Msi,Pulse,Intel,Core i7,11th,16,Ddr4,1024,0,Windows,64,8,Casual,2,No,No,129990.0,179990,27,4.2,14,3
Hp,Spectre,Intel,Core i7,11th,16,Lpddr4x,1024,0,Windows,64,0,Casual,1,Yes,No,149999.0,178464,15,0.0,0,0
Msi,Unknown,Intel,Core i7,12th,16,Ddr4,1024,0,Windows,64,6,Casual,0,No,No,139990.0,156990,10,4.5,4,2
Acer,Predator,Intel,Core i7,11th,16,Ddr4,1024,0,Windows,64,6,Casual,1,No,No,129990.0,149990,13,4.5,54,7
Hp,Omen,Intel,Core i7,11th,16,Ddr4,1024,0,Windows,64,8,Casual,1,No,Yes,171990.0,197862,13,0.0,0,0
Dell,Inspiron,Intel,Core i7,11th,16,Ddr4,1024,0,Windows,64,2,Casual,1,No,Yes,93955.0,122300,23,4.8,4,0
Asus,Rog,Intel,Core i7,10th,16,Ddr4,1024,0,Windows,64,8,Casual,0,No,No,234990.0,324990,27,0.0,0,0
Hp,Spectre,Intel,Core i7,11th,16,Lpddr4x,1024,0,Windows,64,0,Casual,1,Yes,Yes,128500.0,152042,15,3.7,3,1
Lenovo,Yoga,Intel,Core i7,11th,16,Ddr4,1024,0,Windows,64,0,Casual,1,Yes,Yes,102990.0,104033,1,4.4,16,2
Asus,Zenbook,Intel,Core i7,11th,16,Lpddr4x,1024,0,Windows,64,0,Casual,1,Yes,No,119990.0,158990,24,4.8,8,1
Asus,Unknown,Intel,Core i7,11th,16,Ddr4,1024,0,Windows,32,6,Casual,0,No,No,120980.0,149999,19,0.0,0,0
Asus,Zephyrus,Intel,Core i7,11th,16,Ddr4,1024,0,Windows,32,6,Casual,1,No,No,157249.0,220990,28,4.3,7,0
Lenovo,Unknown,Intel,Core i7,9th,16,Ddr4,1024,0,Windows,64,4,Thinnlight,0,No,No,229900.0,272000,15,0.0,0,0
Asus,Asus,Intel,Core i7,11th,16,Ddr4,1024,0,Windows,64,6,Casual,1,No,No,131500.0,175000,24,0.0,0,0
Asus,Expertbook,Intel,Core i7,10th,16,Lpddr3,1024,0,Windows,64,0,Casual,0,No,No,154990.0,172990,10,5.0,3,0
Asus,Expertbook,Intel,Core i7,10th,16,Lpddr3,1024,0,Windows,64,0,Casual,0,No,No,165990.0,202990,18,0.0,0,0
Lenovo,Yoga,Intel,Core i7,10th,16,Lpddr4x,1024,0,Windows,64,0,Thinnlight,0,No,No,119990.0,148082,18,2.5,2,1
Asus,Expertbook,Intel,Core i7,10th,16,Lpddr3,1024,0,Windows,64,0,Casual,0,No,No,167990.0,202990,17,0.0,0,0
Hp,Spectre,Intel,Core i7,11th,16,Lpddr4x,1024,0,Windows,64,0,Casual,1,Yes,No,165000.0,198825,17,0.0,0,0
Avita,Liber,Intel,Core i7,10th,16,Ddr4,1024,0,Windows,64,0,Thinnlight,0,No,No,62990.0,83390,24,3.9,207,49
Lenovo,Thinkbook,Intel,Core i7,11th,16,Lpddr4,1024,0,Windows,64,0,Casual,1,No,Yes,85990.0,148158,41,3.4,7,2
Hp,Hp,Intel,Core i7,11th,16,Ddr4,1024,0,Windows,64,2,Casual,1,No,Yes,94990.0,160134,40,0.0,0,0
Hp,Omen,Intel,Core i7,11th,16,Ddr4,1024,0,Windows,64,6,Casual,1,No,Yes,136990.0,157563,13,0.0,0,0
Lenovo,Legion,Intel,Core i7,10th,16,Ddr4,1024,0,Windows,64,8,Casual,1,No,Yes,234990.0,349890,32,0.0,0,0
Acer,Predator,Intel,Core i7,10th,16,Ddr4,2048,0,Windows,64,8,Casual,1,No,No,159990.0,160190,0,3.8,4,0
Asus,Expertbook,Intel,Core i7,10th,16,Lpddr3,2048,0,Windows,64,0,Casual,0,No,No,233990.0,0,0,0.0,0,0
Asus,Expertbook,Intel,Core i7,10th,16,Ddr4,0,1024,Windows,64,2,Casual,0,No,No,93990.0,0,0,0.0,0,0
Hp,15,Intel,Core i7,8th,16,Ddr4,128,1024,Windows,64,4,Casual,1,No,No,116941.0,0,0,0.0,0,0
Msi,Gf63,Intel,Core i7,10th,8,Ddr4,256,1024,Windows,64,4,Casual,2,No,No,63990.0,83990,23,4.3,794,83
Asus,Vivobook,Intel,Core i7,10th,16,Ddr4,256,1024,Windows,64,4,Gaming,0,No,No,66990.0,97990,31,4.2,25,4
Asus,Unknown,Intel,Core i7,11th,16,Ddr4,256,1024,Windows,32,0,Thinnlight,0,No,No,82500.0,98990,16,0.0,0,0
Acer,Predator,Intel,Core i7,10th,16,Ddr4,256,1024,Windows,64,6,Casual,1,No,No,119990.0,140990,14,4.6,2038,313
Msi,Wf65,Intel,Core i7,10th,16,Ddr4,256,1024,Windows,64,4,Casual,3,No,No,159990.0,179990,11,0.0,0,0
Asus,Pro,Intel,Core i7,8th,16,Ddr4,256,1024,Windows,64,0,Thinnlight,0,No,No,98912.0,0,0,0.0,0,0
Acer,Predator,Intel,Core i7,11th,16,Ddr4,512,1024,Windows,64,4,Casual,1,No,No,92990.0,130990,29,4.5,214,37
Acer,Predator,Intel,Core i7,11th,16,Ddr4,512,1024,Windows,32,6,Casual,1,No,No,119990.0,140990,14,4.5,342,54
Acer,Predator,Intel,Core i9,11th,32,Ddr4,1024,0,Windows,64,8,Casual,1,No,No,169990.0,199999,15,0.0,0,0
Acer,Predator,Intel,Core i9,11th,16,Ddr4,1024,0,Windows,64,6,Casual,1,No,No,139990.0,179999,22,0.0,0,0
Msi,Creator,Intel,Core i9,11th,16,Ddr4,1024,0,Windows,64,6,Casual,0,No,No,192990.0,223890,13,0.0,0,0
Asus,Rog,Intel,Core i9,12th,16,Ddr5,1024,0,Windows,64,6,Casual,0,No,No,299990.0,376990,20,0.0,0,0
Asus,Unknown,Intel,Core i9,10th,16,Ddr4,1024,0,Windows,64,6,Casual,1,Yes,No,269990.0,326990,17,4.8,8,1
Asus,Asus,Intel,Core i9,11th,16,Ddr4,1024,0,Windows,64,6,Gaming,1,No,No,139990.0,144990,3,0.0,0,0
Lenovo,Unknown,Intel,Core i9,10th,16,Ddr4,1024,0,Windows,32,8,Casual,0,No,No,265998.0,349890,23,0.0,0,0
Asus,Zephyrus,Intel,Core i9,11th,16,Ddr4,3072,0,Windows,32,6,Casual,1,No,No,441990.0,0,0,5.0,1,1
Smartron,T.book,Intel,Core m3,7th,4,Ddr3,128,0,Windows,64,0,Casual,0,Yes,No,42990.0,45990,6,3.5,25,6
Msi,Katana,Intel,Core i5,10th,8,Lpddr4,0,512,Dos,32,4,Casual,0,No,No,86990.0,117990,26,4.5,218,27
Acer,Aspire,Amd,Dual core,Unknown,4,Ddr4,256,0,Windows,64,0,Casual,1,No,No,29990.0,34990,14,0.0,0,0
Acer,Dual,Amd,Dual core,Unknown,4,Ddr4,256,0,Windows,64,0,Casual,1,No,No,31990.0,32990,3,4.0,762,104
Msi,Pulse,Intel,Core i5,10th,8,Lpddr4,0,512,Dos,32,6,Casual,0,No,No,109990.0,139990,21,4.6,78,16
Msi,Pulse,Intel,Core i5,10th,8,Lpddr4,0,512,Dos,32,4,Casual,0,No,No,109590.0,123990,11,4.6,5,2
Asus,Rog,Intel,Core i7,10th,16,Lpddr4x,0,512,Dos,32,6,Casual,0,No,No,146490.0,0,0,3.0,2,1
Hp,Chromebook,Intel,Dual core,10th,4,Ddr4,0,512,Dos,32,0,Casual,0,No,No,61745.0,0,0,4.6,23,4
Asus,Zenbook,Intel,Ever screenpad,10th,4,Ddr4,0,512,Dos,64,4,Casual,0,No,No,209690.0,209990,0,5.0,4,0
Asus,Zenbook,Intel,Ever screenpad,10th,4,Ddr4,0,512,Dos,64,4,Casual,0,No,No,175190.0,0,0,4.8,6,1
Alienware,Unknown,Intel,Geforce gtx,10th,8,Lpddr4,0,512,Dos,32,6,Casual,0,No,No,199990.0,223322,10,4.9,12,0
Dell,G15,Intel,Geforce gtx,10th,8,Lpddr4,0,512,Dos,32,4,Casual,0,No,No,75500.0,83557,9,4.4,28,1
Alienware,Unknown,Intel,Geforce rtx,10th,8,Lpddr4,0,512,Dos,32,8,Casual,0,No,No,345390.0,377798,8,4.6,10,3
Alienware,Unknown,Intel,Geforce rtx,10th,8,Lpddr4,0,512,Dos,32,6,Casual,0,No,No,214790.0,237937,9,4.1,13,4
Alienware,Unknown,Intel,Geforce rtx,10th,8,Lpddr4,0,512,Dos,32,8,Casual,0,No,No,269290.0,293080,8,4.0,5,2
Dell,G15,Intel,Geforce rtx,10th,4,Ddr4,0,512,Dos,32,4,Casual,0,No,No,95990.0,124078,22,4.3,20,5
Msi,Gf65,Intel,Hexa core,Unknown,16,Ddr4,512,0,Windows,64,6,Casual,2,No,No,76990.0,106990,28,4.5,298,49
Msi,Gf63,Intel,Hexa core,Unknown,8,Ddr4,256,1024,Windows,64,4,Casual,2,No,No,55990.0,72990,23,4.4,2582,272
Apple,Macbook,M1,M1,10th,8,Ddr4,256,0,Mac,64,0,Casual,1,No,No,85990.0,92900,7,4.7,6725,629
Apple,Macbook,M1,M1,10th,8,Ddr4,256,0,Mac,64,0,Casual,1,No,No,112990.0,122900,8,4.8,640,70
Apple,Macbook,M1,M1,10th,16,Ddr4,256,0,Mac,64,0,Casual,1,No,No,104990.0,112900,7,4.7,45,4
Apple,Macbook,M1,M1,10th,16,Ddr4,256,0,Mac,64,0,Casual,1,No,No,132990.0,149900,11,4.8,640,70
Apple,Macbook,M1,M1,10th,16,Ddr4,512,0,Mac,64,0,Casual,1,No,No,149990.0,163900,8,4.8,640,70
Apple,Macbook,M1,M1,10th,8,Ddr4,512,0,Mac,64,0,Casual,1,No,No,125990.0,142900,11,4.6,399,45
Apple,Macbook,M1,M1,10th,8,Ddr4,512,0,Mac,64,0,Casual,1,No,No,103990.0,117900,11,4.7,809,91
Apple,Macbook,M1,M1,10th,8,Ddr4,512,0,Mac,64,0,Casual,1,No,No,101990.0,117900,13,4.7,809,91
Apple,Macbook,M1,M1,10th,8,Ddr4,512,0,Mac,64,0,Casual,1,No,No,104990.0,110900,5,4.7,6725,629
Apple,Macbook,M1,M1,10th,8,Ddr4,512,0,Mac,64,0,Casual,1,No,No,131990.0,142900,7,4.6,399,45
Apple,Macbook,M1,M1,10th,16,Ddr4,512,0,Mac,64,0,Casual,1,No,No,128990.0,137900,6,4.7,45,4
Apple,Macbook,M1,M1,10th,16,Ddr4,512,0,Mac,64,0,Casual,1,No,No,184990.0,194900,5,4.8,42,8
Apple,Macbook,M1,M1,10th,16,Ddr4,512,0,Mac,64,0,Casual,1,No,No,225990.0,239900,5,4.8,42,8
Apple,Macbook,M1,M1,10th,4,Ddr4,512,0,Mac,64,0,Casual,1,No,No,124990.0,132900,5,4.7,45,4
Apple,Macbook,M1,M1,10th,8,Ddr4,1024,0,Mac,64,0,Casual,1,No,No,149990.0,163900,8,4.8,640,70
Apple,Macbook,M1,M1,10th,16,Ddr4,1024,0,Mac,64,0,Casual,1,No,No,169990.0,183900,7,4.8,640,70
Apple,Macbook,M1,M1,10th,16,Ddr4,1024,0,Mac,64,0,Casual,1,No,No,225990.0,239900,5,4.8,42,8
Apple,Macbook,M1,M1,10th,16,Ddr4,1024,0,Mac,64,0,Casual,1,No,No,243990.0,259900,6,4.8,42,8
Apple,Macbook,M1,M1,10th,32,Ddr4,1024,0,Mac,64,0,Casual,1,No,No,309990.0,329900,6,5.0,3,1
Dell,G7,Intel,Geforce rtx,10th,8,Lpddr4,0,512,Dos,32,8,Casual,0,No,No,179990.0,227250,20,4.5,17,2
Acer,Unknown,Intel,Genuine windows,10th,4,Ddr4,128,0,Dos,32,4,Casual,0,No,No,116640.0,0,0,0.0,0,0
Acer,Predator,Intel,Genuine windows,10th,4,Ddr4,0,512,Dos,32,4,Casual,0,No,No,129999.0,0,0,4.5,3227,693
Asus,Asus,Intel,Pentium quad,Unknown,4,Lpddr4x,0,512,Windows,64,0,Casual,0,No,No,45990.0,57990,20,0.0,0,0
Iball,Compbook,Intel,Pentium quad,Unknown,4,Ddr3,0,512,Windows,64,0,Casual,0,No,No,13990.0,19999,30,3.8,1218,209
Asus,Pentium,Intel,Pentium quad,Unknown,4,Ddr4,128,0,Windows,32,0,Casual,0,Yes,No,58100.0,69500,16,0.0,0,0
Asus,Asus,Intel,Pentium quad,Unknown,8,Lpddr4x,256,0,Windows,64,0,Casual,1,Yes,No,62990.0,78990,20,0.0,0,0
Hp,Pentium,Intel,Pentium quad,Unknown,8,Ddr4,256,0,Windows,64,0,Thinnlight,1,No,Yes,32990.0,36865,10,4.1,77,9
Asus,Vivobook,Intel,Pentium quad,Unknown,4,Ddr4,256,0,Windows,64,0,Thinnlight,1,No,Yes,33990.0,39990,15,4.3,6,0
Acer,Extensa,Intel,Pentium quad,Unknown,4,Ddr4,256,0,Windows,64,0,Casual,1,No,No,30990.0,34990,11,4.2,465,89
Dell,Inspiron,Intel,Pentium quad,Unknown,4,Ddr4,256,0,Windows,64,0,Thinnlight,1,No,No,36000.0,43000,16,4.3,102,16
Asus,Vivobook,Intel,Pentium quad,Unknown,4,Ddr4,256,0,Windows,64,0,Thinnlight,1,No,Yes,32990.0,39990,17,4.3,7,1
Dell,Inspiron,Intel,Pentium quad,Unknown,4,Ddr4,256,0,Windows,64,0,Casual,1,No,No,35990.0,40000,10,0.0,0,0
Asus,Pentium,Intel,Pentium quad,Unknown,4,Lpddr4,0,1024,Windows,64,0,Casual,0,No,No,27990.0,33990,17,0.0,0,0
Asus,Pentium,Intel,Pentium quad,Unknown,4,Ddr4,0,1024,Windows,64,0,Casual,1,No,No,25990.0,40108,35,3.7,4741,658
Asus,Pentium,Intel,Pentium quad,Unknown,4,Ddr4,0,1024,Windows,64,0,Casual,1,No,No,25990.0,30990,16,3.8,2736,350
Asus,Asus,Intel,Pentium quad,Unknown,4,Ddr4,0,1024,Windows,64,0,Casual,0,No,No,30780.0,36990,16,0.0,0,0
Asus,Vivobook,Intel,Pentium silver,Unknown,4,Ddr4,256,0,Windows,64,0,Thinnlight,0,No,No,29990.0,38990,23,4.0,36,3
Asus,Eeebook,Intel,Pentium silver,Unknown,4,Ddr4,256,0,Windows,64,0,Thinnlight,0,No,No,31990.0,40990,21,3.8,5,0
Lenovo,Legion,Intel,Genuine windows,10th,4,Ddr4,0,512,Dos,32,4,Casual,0,No,No,77890.0,110890,29,4.4,208,57
Hp,Ryzen,Amd,Ryzen 3,Unknown,8,Ddr4,256,0,Windows,64,0,Thinnlight,1,No,No,37990.0,46055,17,4.3,2214,241
Asus,Ryzen,Amd,Ryzen 3,Unknown,8,Ddr4,256,0,Windows,64,0,Thinnlight,1,No,No,35990.0,46990,23,4.3,2886,375
Dell,Inspiron,Amd,Ryzen 3,Unknown,8,Ddr4,256,0,Windows,64,0,Thinnlight,0,No,No,39490.0,49714,20,4.3,34,4
Dell,Inspiron,Amd,Ryzen 3,Unknown,8,Ddr4,256,0,Windows,64,0,Thinnlight,0,No,No,36990.0,50586,26,4.2,137,15
Dell,Ryzen,Amd,Ryzen 3,Unknown,8,Ddr4,256,0,Windows,64,0,Thinnlight,1,No,No,39990.0,53640,25,4.6,7,0
Asus,Ryzen,Amd,Ryzen 3,Unknown,4,Ddr4,256,0,Windows,64,0,Thinnlight,1,No,No,33690.0,37990,11,4.2,170,26
Dell,Inspiron,Amd,Ryzen 3,Unknown,8,Ddr4,256,0,Windows,64,0,Thinnlight,0,No,No,40590.0,50132,19,0.0,0,0
Asus,Vivobook,Amd,Ryzen 3,Unknown,4,Ddr4,256,0,Windows,64,0,Casual,1,No,No,37990.0,46990,19,4.2,39,3
Asus,Vivobook,Amd,Ryzen 3,Unknown,4,Ddr4,256,0,Windows,64,0,Thinnlight,1,No,Yes,34500.0,42990,19,4.3,2886,375
Acer,Aspire,Amd,Ryzen 3,Unknown,8,Ddr4,512,0,Windows,64,0,Casual,1,No,No,36990.0,44999,17,4.6,11,2
Hp,Ryzen,Amd,Ryzen 3,Unknown,8,Ddr4,512,0,Windows,64,0,Thinnlight,0,No,No,43490.0,52990,17,4.6,163,33
Hp,Ryzen,Amd,Ryzen 3,Unknown,8,Ddr4,512,0,Windows,64,0,Thinnlight,1,No,Yes,41490.0,51748,19,4.2,153,21
Acer,Aspire,Amd,Ryzen 3,Unknown,4,Ddr4,512,0,Windows,64,0,Casual,0,No,No,34990.0,42999,18,0.0,0,0
Hp,15s,Amd,Ryzen 3,Unknown,4,Ddr4,512,0,Windows,64,0,Thinnlight,1,No,Yes,44490.0,49000,9,4.3,267,42
Dell,Vostro,Amd,Ryzen 3,Unknown,4,Ddr4,512,0,Windows,64,0,Thinnlight,0,No,No,40590.0,51105,20,0.0,0,0
Dell,Inspiron,Amd,Ryzen 3,Unknown,8,Ddr4,512,0,Windows,64,0,Thinnlight,0,No,No,42090.0,56771,25,3.3,3,0
Dell,Vostro,Amd,Ryzen 3,Unknown,8,Ddr4,0,1024,Windows,64,0,Thinnlight,1,No,Yes,35990.0,50651,28,4.1,59,12
Hp,15s,Amd,Ryzen 3,Unknown,8,Ddr4,0,1024,Windows,64,0,Thinnlight,1,No,Yes,39490.0,40957,3,4.2,7291,895
Dell,Inspiron,Amd,Ryzen 3,Unknown,8,Ddr4,0,1024,Windows,64,0,Thinnlight,0,No,No,37390.0,50149,25,4.2,38,5
Dell,Inspiron,Amd,Ryzen 3,Unknown,4,Ddr4,0,1024,Windows,64,0,Thinnlight,1,No,Yes,52632.0,0,0,0.0,0,0
Dell,Inspiron,Amd,Ryzen 3,Unknown,4,Ddr4,0,1024,Windows,64,0,Casual,1,No,Yes,39990.0,49613,19,4.1,409,39
Dell,Dell,Amd,Ryzen 3,Unknown,4,Ddr4,0,1024,Windows,64,0,Casual,1,No,No,43990.0,49999,12,0.0,0,0
Hp,15q,Amd,Ryzen 3,Unknown,4,Ddr4,0,1024,Windows,64,0,Casual,1,No,No,32917.0,0,0,4.0,353,58
Lenovo,Ryzen,Amd,Ryzen 3,Unknown,4,Ddr4,0,1024,Windows,64,0,Casual,0,No,No,34990.0,36923,5,3.3,38,6
Dell,Inspiron,Amd,Ryzen 3,Unknown,8,Ddr4,0,1024,Windows,64,0,Thinnlight,0,No,No,39990.0,51574,22,3.1,18,4
Hp,15s,Amd,Ryzen 3,Unknown,8,Ddr4,256,1024,Windows,64,0,Casual,1,No,Yes,41999.0,48294,13,4.3,3524,432
Hp,Chromebook,Mediatek,Mediatek kompanio,10th,4,Ddr4,0,512,Dos,32,0,Casual,0,No,No,22990.0,26663,13,3.8,4623,553
Hp,Chromebook,Mediatek,Mediatek kompanio,10th,4,Lpddr4x,0,512,Dos,32,0,Casual,0,No,No,22490.0,24845,9,3.8,4623,553
Hp,Chromebook,Mediatek,Mediatek kompanio,10th,4,Lpddr4x,0,512,Dos,32,0,Casual,0,No,No,22990.0,24845,7,3.8,4623,553
Microsoft,Surface,Amd,Ryzen 5,Unknown,4,Ddr4,128,0,Windows,64,0,Casual,0,Yes,No,99990.0,124999,20,3.8,9,0
Dell,Vostro,Amd,Ryzen 5,Unknown,8,Ddr4,256,0,Windows,64,0,Casual,1,No,Yes,41990.0,59580,29,4.3,939,107
Dell,Inspiron,Amd,Ryzen 5,Unknown,8,Ddr4,256,0,Windows,64,0,Thinnlight,1,No,No,44490.0,58194,23,4.2,14,1
Dell,Inspiron,Amd,Ryzen 5,Unknown,8,Ddr4,256,0,Windows,64,0,Casual,1,No,Yes,41990.0,49613,15,4.4,649,84
Dell,Vostro,Amd,Ryzen 5,Unknown,8,Ddr4,256,0,Windows,64,0,Thinnlight,1,No,Yes,44490.0,58286,23,4.3,8,2
Msi,Modern,Amd,Ryzen 5,Unknown,4,Ddr4,256,0,Windows,64,0,Casual,1,No,No,49990.0,67990,26,0.0,0,0
Dell,Inspiron,Amd,Ryzen 5,Unknown,4,Ddr4,256,0,Windows,64,0,Thinnlight,1,No,No,44390.0,56573,21,4.0,276,24
Hp,Pavilion,Amd,Ryzen 5,Unknown,8,Ddr4,512,0,Windows,64,4,Casual,1,No,No,57990.0,70172,17,4.5,4740,532
Lenovo,Ideapad,Amd,Ryzen 5,Unknown,8,Ddr4,512,0,Windows,64,4,Gaming,1,No,Yes,56990.0,83890,32,4.5,162,15
Lenovo,Ideapad,Amd,Ryzen 5,Unknown,8,Ddr4,512,0,Windows,64,0,Thinnlight,1,No,No,48990.0,68990,28,4.4,219,27
Hp,Ryzen,Amd,Ryzen 5,Unknown,8,Ddr4,512,0,Windows,64,0,Thinnlight,1,No,Yes,49970.0,59808,16,4.5,193,28
Msi,Modern,Amd,Ryzen 5,Unknown,8,Ddr4,512,0,Windows,64,0,Casual,0,No,No,47990.0,61990,22,4.6,562,89
Hp,Ryzen,Amd,Ryzen 5,Unknown,8,Ddr4,512,0,Windows,64,0,Thinnlight,1,No,Yes,48990.0,60959,19,4.4,45,5
Acer,Swift,Amd,Ryzen 5,Unknown,8,Lpddr4x,512,0,Windows,64,0,Thinnlight,1,No,No,53990.0,89999,40,4.9,7,0
Lenovo,Ideapad,Amd,Ryzen 5,Unknown,8,Ddr4,512,0,Windows,64,0,Casual,1,No,Yes,52990.0,78290,32,4.2,39,5
Acer,Aspire,Amd,Ryzen 5,Unknown,8,Ddr4,512,0,Windows,64,0,Casual,1,No,No,43990.0,52999,16,0.0,0,0
Lenovo,Ideapad,Amd,Ryzen 5,Unknown,8,Ddr4,512,0,Windows,64,4,Gaming,0,No,No,59490.0,89490,33,4.5,92,10
Msi,Bravo,Amd,Ryzen 5,Unknown,8,Ddr4,512,0,Windows,64,4,Casual,0,No,No,64990.0,83990,22,4.5,469,80
Dell,Vostro,Amd,Ryzen 5,Unknown,8,Ddr4,512,0,Windows,64,0,Thinnlight,0,No,No,47490.0,61740,23,2.5,2,1
Hp,Hp,Amd,Ryzen 5,Unknown,8,Ddr4,512,0,Windows,64,4,Casual,1,No,No,59990.0,76020,21,4.4,1978,188
Lenovo,Legion,Amd,Ryzen 5,Unknown,8,Ddr4,512,0,Windows,64,4,Casual,0,No,No,69990.0,107690,35,4.3,9,0
Hp,15-ec1105ax,Amd,Ryzen 5,Unknown,8,Ddr4,512,0,Windows,64,4,Casual,1,No,No,58990.0,70172,15,4.5,1049,134
Dell,Vostro,Amd,Ryzen 5,Unknown,8,Ddr4,512,0,Windows,64,0,Thinnlight,1,No,No,59490.0,61060,2,4.6,74,18
Hp,Pavilion,Amd,Ryzen 5,Unknown,16,Ddr4,512,0,Windows,64,0,Thinnlight,1,No,Yes,67500.0,75049,10,4.4,196,19
Hp,Ryzen,Amd,Ryzen 5,Unknown,8,Ddr4,512,0,Windows,32,0,Casual,0,No,No,48990.0,60959,19,4.6,17,1
Asus,Vivobook,Amd,Ryzen 5,Unknown,8,Ddr4,512,0,Windows,64,0,Casual,1,Yes,Yes,62450.0,74990,16,4.4,172,36
Asus,Vivobook,Amd,Ryzen 5,Unknown,8,Ddr4,512,0,Windows,64,0,Casual,1,No,No,58990.0,73990,20,4.4,324,34
Asus,Apu,Amd,Quad,10th,4,Ddr4,0,512,Dos,32,0,Casual,0,No,No,19990.0,23390,14,4.0,2887,476
Hp,Pavilion,Amd,Ryzen 5,Unknown,8,Ddr4,512,0,Windows,64,0,Thinnlight,1,No,Yes,57999.0,70419,17,4.5,86,15
Asus,Vivobook,Amd,Ryzen 5,Unknown,16,Ddr4,512,0,Windows,64,0,Casual,0,No,No,56990.0,80990,29,4.8,4,1
Hp,Pavilion,Amd,Ryzen 5,Unknown,8,Ddr4,512,0,Windows,64,4,Casual,1,No,Yes,72990.0,87717,16,4.7,16,4
Hp,Pavilion,Amd,Ryzen 5,Unknown,16,Ddr4,512,0,Windows,64,0,Casual,1,No,Yes,65990.0,89992,26,4.4,104,18
Hp,Envy,Amd,Ryzen 5,Unknown,16,Ddr4,512,0,Windows,64,0,Casual,1,Yes,Yes,98020.0,0,0,0.0,0,0
Hp,Pavilion,Amd,Ryzen 5,Unknown,16,Ddr4,512,0,Windows,64,2,Casual,1,No,Yes,63990.0,74839,14,4.2,90,13
Asus,Ryzen,Amd,Ryzen 5,Unknown,8,Ddr4,512,0,Windows,32,0,Thinnlight,1,No,Yes,49890.0,69990,28,4.7,6,1
Dell,Inspiron,Amd,Ryzen 5,Unknown,8,Ddr4,512,0,Windows,64,0,Thinnlight,1,No,Yes,49990.0,66161,24,4.4,47,7
Dell,Vostro,Amd,Ryzen 5,Unknown,8,Ddr4,512,0,Windows,64,0,Thinnlight,1,No,Yes,59490.0,65566,9,0.0,0,0
Hp,Envy,Amd,Ryzen 5,Unknown,8,Ddr4,512,0,Windows,64,0,Casual,1,Yes,Yes,73999.0,88840,16,4.6,206,27
Dell,Inspiron,Amd,Ryzen 5,Unknown,4,Ddr4,512,0,Windows,64,0,Thinnlight,1,No,Yes,60990.0,67861,10,4.4,183,42
Dell,G5,Amd,Ryzen 5,Unknown,4,Ddr4,512,0,Windows,64,6,Casual,0,No,No,76190.0,80996,5,4.4,358,64
Lenovo,Yoga,Amd,Ryzen 5,Unknown,4,Lpddr4x,512,0,Windows,64,0,Thinnlight,3,Yes,Yes,74798.0,104890,28,0.0,0,0
Asus,Vivobook,Amd,Ryzen 5,Unknown,4,Ddr4,512,0,Windows,64,0,Casual,1,No,No,58990.0,73990,20,4.3,88,13
Hp,Ryzen,Amd,Ryzen 5,Unknown,4,Ddr4,512,0,Windows,32,4,Casual,0,No,No,68100.0,78900,13,0.0,0,0
Lenovo,Yoga,Amd,Ryzen 5,Unknown,4,Ddr4,512,0,Windows,64,0,Thinnlight,1,Yes,Yes,77990.0,104890,25,0.0,0,0
Hp,Pavilion,Amd,Ryzen 5,Unknown,4,Ddr4,512,0,Windows,64,0,Thinnlight,1,No,Yes,55090.0,67931,18,4.4,364,52
Asus,Zenbook,Amd,Ryzen 5,Unknown,4,Lpddr4x,512,0,Windows,64,0,Casual,0,Yes,No,91990.0,116990,21,0.0,0,0
Hp,Pavilion,Amd,Ryzen 5,Unknown,4,Ddr4,512,0,Windows,64,0,Casual,1,No,Yes,84208.0,0,0,0.0,0,0
Acer,Aspire,Amd,Ryzen 5,Unknown,4,Ddr4,512,0,Windows,64,0,Casual,1,No,No,44990.0,56990,21,4.4,313,39
Hp,15s,Amd,Ryzen 5,Unknown,4,Ddr4,512,0,Windows,64,0,Thinnlight,1,No,Yes,53490.0,59990,10,4.4,826,118
Lenovo,Legion,Amd,Ryzen 5,Unknown,4,Ddr4,512,0,Windows,64,4,Casual,0,No,No,76498.0,107690,28,0.0,0,0
Dell,Ryzen,Amd,Ryzen 5,Unknown,4,Ddr4,512,0,Windows,64,4,Casual,1,No,No,98920.0,101681,2,0.0,0,0
Msi,Modern,Amd,Ryzen 5,Unknown,4,Ddr4,512,0,Windows,64,0,Casual,0,No,No,54990.0,69990,21,4.4,1410,203
Acer,Aspire,Amd,Ryzen 5,Unknown,4,Ddr4,512,0,Windows,64,0,Casual,1,No,No,49990.0,72990,31,4.4,47,6
Hp,Ryzen,Amd,Ryzen 5,Unknown,4,Ddr4,512,0,Windows,32,0,Casual,0,No,No,52380.0,58500,10,0.0,0,0
Acer,Aspire,Amd,Ryzen 5,Unknown,4,Ddr4,512,0,Windows,64,0,Thinnlight,1,No,No,49990.0,64990,23,4.5,6,1
Hp,14s,Amd,Ryzen 5,Unknown,4,Ddr4,512,0,Windows,64,0,Thinnlight,1,No,Yes,52500.0,60000,12,4.3,741,67
Vaio,E,Amd,Ryzen 5,Unknown,4,Ddr4,512,0,Windows,64,0,Thinnlight,2,No,Yes,49590.0,66990,25,4.1,700,144
Asus,Ryzen,Amd,Ryzen 5,Unknown,4,Ddr4,512,0,Windows,64,0,Thinnlight,1,No,Yes,49990.0,64990,23,4.5,14,2
Acer,Aspire,Amd,Ryzen 5,Unknown,4,Ddr4,512,0,Windows,64,0,Thinnlight,1,No,No,75999.0,0,0,0.0,0,0
Asus,Amd,Amd,Ryzen 5,Unknown,4,Ddr4,512,0,Windows,64,0,Casual,1,No,No,80990.0,104990,22,0.0,0,0
Lenovo,Ideapad,Amd,Ryzen 5,Unknown,4,Ddr4,512,0,Windows,32,0,Casual,1,No,No,59900.0,62200,3,3.7,3,0
Hp,15s,Amd,Ryzen 5,Unknown,4,Ddr4,512,0,Windows,64,0,Thinnlight,1,No,Yes,54590.0,59990,9,4.4,349,69
Dell,Inspiron,Amd,Ryzen 5,Unknown,4,Ddr4,512,0,Windows,64,0,Casual,1,Yes,Yes,75500.0,93461,19,0.0,0,0
Hp,Ryzen,Amd,Ryzen 5,Unknown,8,Ddr4,512,0,Windows,64,0,Thinnlight,1,No,Yes,51890.0,58657,11,4.3,519,48
Asus,Vivobook,Amd,Ryzen 5,Unknown,16,Ddr4,512,0,Windows,64,0,Casual,1,No,No,78000.0,78990,1,2.7,3,0
Vaio,E,Amd,Ryzen 5,Unknown,8,Ddr4,512,0,Windows,64,0,Thinnlight,2,No,Yes,50990.0,66990,23,4.1,700,144
Hp,Pavilion,Amd,Ryzen 5,Unknown,16,Ddr4,512,0,Windows,64,0,Thinnlight,1,No,Yes,59999.0,74839,19,4.1,19,1
Hp,Pavilion,Amd,Ryzen 5,Unknown,8,Ddr4,512,0,Windows,64,4,Gaming,1,No,Yes,64990.0,69990,7,3.8,8,1
Dell,Ryzen,Amd,Ryzen 5,Unknown,4,Ddr4,1024,0,Windows,32,0,Casual,0,No,No,57900.0,78900,26,4.7,3,1
Lenovo,Yoga,Amd,Ryzen 5,Unknown,4,Lpddr4x,1024,0,Windows,64,0,Thinnlight,3,Yes,Yes,81978.0,123090,33,0.0,0,0
Hp,Pavilion,Amd,Ryzen 5,Unknown,4,Ddr4,0,1024,Windows,64,4,Gaming,1,No,No,59990.0,68192,12,4.1,1480,151
Dell,Inspiron,Amd,Ryzen 5,Unknown,8,Ddr4,256,1024,Windows,64,0,Casual,0,No,No,49490.0,66396,25,4.0,31,3
Asus,Vivobook,Amd,Ryzen 5,Unknown,8,Ddr4,256,1024,Windows,64,0,Casual,1,No,No,54990.0,78990,30,4.5,18,3
Lenovo,Legion,Amd,Ryzen 5,Unknown,8,Ddr4,256,1024,Windows,64,4,Casual,0,No,No,68500.0,90890,24,4.5,271,24
Asus,Vivobook,Amd,Ryzen 5,Unknown,8,Ddr4,256,1024,Windows,64,0,Casual,1,No,No,54990.0,78990,30,4.6,49,6
Asus,Vivobook,Amd,Ryzen 5,Unknown,8,Ddr4,256,1024,Windows,32,0,Casual,1,No,Yes,54990.0,78990,30,4.4,474,65
Lenovo,Ideapad,Amd,Ryzen 5,Unknown,8,Ddr4,256,1024,Windows,64,0,Gaming,1,No,Yes,63990.0,85290,24,4.5,861,116
Hp,Pavilion,Amd,Ryzen 5,Unknown,4,Ddr4,256,1024,Windows,64,4,Gaming,1,No,No,80000.0,83085,3,4.6,34,6
Dell,Ryzen,Amd,Ryzen 5,Unknown,4,Ddr4,256,1024,Windows,32,0,Casual,0,No,No,51990.0,66560,21,0.0,0,0
Asus,Vivobook,Amd,Ryzen 5,Unknown,4,Ddr4,256,1024,Windows,64,0,Casual,1,No,Yes,62990.0,74990,16,4.2,165,34
Hp,Ryzen,Amd,Ryzen 5,Unknown,4,Ddr4,256,1024,Windows,64,0,Thinnlight,1,No,No,52990.0,57331,7,4.4,698,74
Asus,Ryzen,Amd,Ryzen 5,Unknown,4,Ddr4,256,1024,Windows,64,0,Thinnlight,1,No,Yes,75100.0,75500,0,0.0,0,0
Asus,Asus,Amd,Ryzen 7,Unknown,16,Ddr4,512,0,Windows,32,4,Gaming,0,No,No,76990.0,106990,28,4.8,22,3
Asus,Ryzen,Amd,Ryzen 7,Unknown,16,Ddr4,512,0,Windows,64,4,Casual,1,No,No,79990.0,131990,39,0.0,0,0
Asus,Rog,Amd,Ryzen 7,Unknown,8,Ddr4,512,0,Windows,64,4,Casual,0,No,No,71990.0,90990,20,4.5,144,16
Asus,Rog,Amd,Ryzen 7,Unknown,8,Ddr4,512,0,Windows,64,4,Casual,0,No,No,71990.0,90990,20,4.5,1810,235
Lenovo,Lenovo,Amd,Ryzen 7,Unknown,16,Ddr4,512,0,Windows,64,4,Casual,1,No,Yes,99990.0,138490,27,4.6,26,1
Asus,Ryzen,Amd,Ryzen 7,Unknown,16,Ddr4,512,0,Windows,64,0,Casual,1,No,No,79990.0,129990,38,0.0,0,0
Dell,Ryzen,Amd,Ryzen 7,Unknown,16,Ddr4,512,0,Windows,64,4,Casual,1,No,No,93990.0,123540,23,0.0,0,0
Asus,Asus,Amd,Ryzen 7,Unknown,16,Ddr4,512,0,Windows,64,4,Gaming,0,No,No,82990.0,107990,23,4.6,1067,145
Asus,Rog,Amd,Ryzen 7,Unknown,4,Ddr5,512,0,Windows,64,4,Casual,0,No,No,106990.0,132990,19,0.0,0,0
Asus,Vivobook,Amd,Ryzen 7,Unknown,4,Ddr4,512,0,Windows,64,0,Casual,1,No,No,92990.0,129990,28,4.7,25,4
Lenovo,Ideapad,Intel,Ryzen 7,Unknown,4,Ddr4,512,0,Windows,32,4,Casual,3,No,Yes,81490.0,137000,40,0.0,0,0
Asus,Vivobook,Amd,Ryzen 7,Unknown,4,Ddr4,512,0,Windows,64,0,Casual,1,No,Yes,56990.0,74990,24,0.0,0,0
Msi,Modern,Amd,Ryzen 7,Unknown,4,Ddr4,512,0,Windows,64,0,Casual,0,No,No,64990.0,78990,17,0.0,0,0
Lenovo,Ideapad,Amd,Ryzen 7,Unknown,4,Ddr4,512,0,Windows,64,0,Casual,1,No,Yes,60990.0,0,0,4.4,530,69
Lenovo,Ryzen,Amd,Ryzen 7,Unknown,4,Ddr4,512,0,Windows,64,4,Casual,1,No,Yes,84988.0,111890,24,0.0,0,0
Hp,Pavilion,Amd,Ryzen 7,Unknown,4,Ddr4,512,0,Windows,64,4,Casual,1,No,No,90990.0,103215,11,4.6,273,40
Vaio,E,Amd,Ryzen 7,Unknown,4,Ddr4,512,0,Windows,64,0,Thinnlight,2,No,Yes,56990.0,76090,25,3.8,139,26
Asus,Vivobook,Amd,Ryzen 7,Unknown,4,Ddr4,512,0,Windows,64,0,Casual,1,No,No,63990.0,67551,5,4.2,77,7
Lenovo,Ideapad,Amd,Ryzen 7,Unknown,4,Ddr4,512,0,Windows,64,0,Casual,1,No,Yes,63990.0,85290,24,4.4,105,10
Hp,Ryzen,Amd,Ryzen 7,Unknown,4,Ddr4,512,0,Windows,64,0,Thinnlight,1,No,Yes,57999.0,73625,21,4.1,44,5
Asus,Ryzen,Amd,Ryzen 7,Unknown,4,Ddr4,512,0,Windows,32,4,Casual,0,No,No,72400.0,114000,36,0.0,0,0
Lenovo,Yoga,Amd,Ryzen 7,Unknown,4,Ddr4,512,0,Windows,64,0,Casual,1,Yes,No,78990.0,125888,37,4.7,6,0
Acer,Aspire,Amd,Ryzen 7,Unknown,4,Ddr4,512,0,Windows,64,0,Thinnlight,1,No,No,59990.0,79999,25,0.0,0,0
Asus,Rog,Amd,Ryzen 7,Unknown,4,Ddr5,512,0,Windows,32,4,Casual,1,No,No,111990.0,132990,15,0.0,0,0
Hp,Ryzen,Amd,Ryzen 7,Unknown,4,Ddr4,512,0,Windows,32,0,Casual,0,Yes,No,109000.0,128000,14,0.0,0,0
Dell,G5,Amd,Ryzen 7,Unknown,4,Ddr4,512,0,Windows,64,6,Casual,0,No,No,89990.0,99067,9,4.1,191,27
Lenovo,Yoga,Amd,Ryzen 7,Unknown,4,Ddr4,512,0,Windows,64,0,Casual,3,Yes,Yes,78988.0,114690,31,0.0,0,0
Lenovo,Ryzen,Amd,Ryzen 7,Unknown,4,Ddr4,512,0,Windows,64,4,Casual,0,No,No,73138.0,112990,35,3.0,4,1
Lenovo,Ryzen,Amd,Ryzen 7,Unknown,4,Ddr4,512,0,Windows,64,4,Casual,1,No,No,106990.0,152490,29,0.0,0,0
Asus,Ryzen,Amd,Ryzen 7,Unknown,4,Ddr4,512,0,Windows,32,4,Casual,0,No,No,79990.0,96990,17,0.0,0,0
Dell,Inspiron,Amd,Ryzen 7,Unknown,4,Ddr4,512,0,Windows,64,0,Casual,1,Yes,Yes,89570.0,111529,19,0.0,0,0
Hp,15s,Amd,Ryzen 7,Unknown,4,Ddr4,512,0,Windows,64,0,Thinnlight,1,No,Yes,68500.0,72000,4,4.5,134,22
Lenovo,Ideapad,Amd,Ryzen 7,Unknown,16,Ddr4,512,0,Windows,64,0,Casual,1,No,No,73400.0,108590,32,0.0,0,0
Vaio,E,Amd,Ryzen 7,Unknown,8,Ddr4,512,0,Windows,64,0,Thinnlight,2,No,Yes,57990.0,76090,23,3.8,139,26
Hp,Pavilion,Amd,Ryzen 7,Unknown,16,Ddr4,512,0,Windows,64,2,Casual,1,No,Yes,79990.0,86352,7,3.5,23,6
Hp,Pavilion,Amd,Ryzen 7,Unknown,16,Ddr4,512,0,Windows,64,4,Gaming,1,No,Yes,84990.0,111108,23,2.8,4,2
Msi,Alpha,Amd,Ryzen 7,Unknown,16,Ddr4,1024,0,Windows,64,8,Casual,1,No,No,99990.0,145990,31,4.7,108,24
Asus,Rog,Amd,Ryzen 7,Unknown,8,Lpddr4x,1024,0,Windows,64,4,Casual,0,No,No,72990.0,123990,41,4.6,198,24
Hp,Hp,Amd,Ryzen 7,Unknown,16,Ddr4,1024,0,Windows,64,0,Thinnlight,1,Yes,Yes,92990.0,112671,17,0.0,0,0
Hp,Pavilion,Amd,Ryzen 7,Unknown,16,Ddr4,1024,0,Windows,64,0,Thinnlight,1,No,Yes,84190.0,109566,23,0.0,0,0
Asus,Zenbook,Amd,Ryzen 7,Unknown,16,Lpddr4x,1024,0,Windows,64,0,Casual,0,Yes,No,112990.0,140990,19,0.0,0,0
Asus,Rog,Amd,Ryzen 7,Unknown,4,Ddr5,1024,0,Windows,32,4,Casual,1,No,No,114990.0,145990,21,0.0,0,0
Acer,Swift,Amd,Ryzen 7,Unknown,4,Ddr4,1024,0,Windows,64,4,Casual,1,No,No,99990.0,139999,28,0.0,0,0
Asus,Tuf,Amd,Ryzen 7,Unknown,4,Ddr4,1024,0,Windows,32,4,Gaming,0,No,No,95990.0,105990,9,4.7,57,3
Hp,Omen,Amd,Ryzen 7,Unknown,4,Ddr4,1024,0,Windows,64,8,Casual,1,No,No,159990.0,186348,14,4.8,17,2
Asus,Rog,Amd,Ryzen 7,Unknown,4,Ddr4,1024,0,Windows,64,0,Casual,1,No,Yes,76990.0,116990,34,0.0,0,0
Lenovo,Legion,Amd,Ryzen 7,Unknown,4,Ddr4,1024,0,Windows,64,6,Casual,1,No,Yes,130990.0,181890,27,0.0,0,0
Asus,Vivobook,Amd,Ryzen 7,Unknown,4,Ddr4,1024,0,Windows,64,0,Casual,1,No,No,99990.0,137990,27,0.0,0,0
Asus,Rog,Amd,Ryzen 7,Unknown,4,Ddr5,1024,0,Windows,64,4,Casual,0,No,No,112990.0,142990,20,0.0,0,0
Lenovo,Ideapad,Amd,Ryzen 7,Unknown,4,Ddr4,1024,0,Windows,64,0,Casual,1,No,Yes,77988.0,117290,33,0.0,0,0
Asus,Rog,Amd,Ryzen 7,Unknown,4,Ddr4,1024,0,Windows,64,0,Casual,1,No,Yes,76000.0,126990,40,5.0,1,1
Asus,Rog,Amd,Ryzen 7,Unknown,4,Lpddr4x,1024,0,Windows,64,4,Casual,1,Yes,No,99990.0,162990,38,4.4,77,15
Asus,Zephyrus,Amd,Ryzen 7,Unknown,4,Ddr4,1024,0,Windows,64,0,Casual,1,No,No,111000.0,137990,19,0.0,0,0
Asus,Ryzen,Amd,Ryzen 7,Unknown,16,Lpddr4x,1024,0,Windows,64,0,Thinnlight,1,No,Yes,84970.0,110990,23,3.0,2,1
Hp,Pavilion,Amd,Ryzen 7,Unknown,16,Ddr4,256,1024,Windows,64,4,Gaming,1,No,Yes,75990.0,93564,18,4.5,1084,123
Acer,Nitro,Amd,Ryzen 7,Unknown,16,Ddr4,256,1024,Windows,64,6,Casual,1,No,No,89990.0,119990,25,4.4,272,36
Acer,Nitro,Amd,Ryzen 7,Unknown,16,Ddr4,256,1024,Windows,64,4,Casual,0,No,No,81990.0,119900,31,4.5,141,24
Lenovo,Ryzen,Amd,Ryzen 7,Unknown,4,Ddr4,512,1024,Windows,32,0,Casual,0,No,No,80490.0,118898,32,0.0,0,0
Asus,Rog,Amd,Ryzen 9,Unknown,16,Ddr4,1024,0,Windows,64,6,Casual,1,No,No,135990.0,183990,26,0.0,0,0
Asus,Rog,Amd,Ryzen 9,Unknown,16,Ddr4,1024,0,Windows,32,0,Casual,1,No,No,154990.0,207990,25,4.6,194,42
Asus,Rog,Amd,Ryzen 9,Unknown,16,Ddr4,1024,0,Windows,64,8,Casual,1,No,Yes,199990.0,259990,23,4.7,9,2
Asus,Rog,Amd,Ryzen 9,Unknown,16,Ddr4,1024,0,Windows,64,4,Casual,0,No,No,114990.0,162990,29,4.6,28,4
Asus,Rog,Amd,Ryzen 9,Unknown,16,Ddr4,1024,0,Windows,64,6,Casual,1,No,Yes,129990.0,187990,30,4.3,204,35
Asus,Rog,Amd,Ryzen 9,Unknown,16,Lpddr4x,1024,0,Windows,64,4,Casual,1,Yes,Yes,114990.0,175990,34,4.3,32,6
Msi,Delta,Amd,Ryzen 9,Unknown,4,Ddr4,1024,0,Windows,64,0,Casual,0,No,No,146990.0,188990,22,0.0,0,0
Asus,Vivobook,Amd,Ryzen 9,Unknown,4,Ddr4,1024,0,Windows,64,0,Casual,1,No,No,104990.0,142990,26,4.5,14,2
Asus,Rog,Amd,Ryzen 9,Unknown,4,Lpddr4x,1024,0,Windows,64,4,Casual,1,Yes,No,114990.0,181990,36,4.7,14,1
Asus,Rog,Amd,Ryzen 9,Unknown,4,Lpddr4x,1024,0,Windows,64,4,Casual,1,Yes,Yes,124990.0,175990,28,5.0,3,0
Asus,Zenbook,Amd,Ryzen 9,Unknown,4,Lpddr4x,1024,0,Windows,64,0,Casual,0,Yes,No,134990.0,170990,21,0.0,0,0
Hp,Omen,Amd,Ryzen 9,Unknown,4,Ddr4,1024,0,Windows,64,8,Casual,1,No,Yes,141990.0,163739,13,0.0,0,0
Asus,Rog,Amd,Ryzen 9,Unknown,4,Ddr4,1024,0,Windows,64,0,Casual,1,No,No,129990.0,166990,22,0.0,0,0
Asus,Rog,Amd,Ryzen 9,Unknown,4,Lpddr4x,1024,0,Windows,64,4,Casual,1,Yes,Yes,142990.0,201990,29,4.0,4,1
Asus,Zephyrus,Amd,Ryzen 9,Unknown,4,Ddr4,1024,0,Windows,64,0,Casual,1,No,No,121990.0,155990,21,0.0,0,0
Asus,Rog,Amd,Ryzen 9,Unknown,4,Lpddr4x,1024,0,Windows,64,4,Casual,1,Yes,Yes,124990.0,194990,35,4.2,44,12
Asus,Rog,Amd,Ryzen 9,Unknown,4,Ddr4,1024,0,Windows,64,6,Casual,0,No,No,141990.0,189990,25,4.2,61,13
Asus,Vivobook,Amd,Ryzen 9,Unknown,4,Ddr4,1024,0,Windows,64,4,Casual,1,No,No,162990.0,0,0,0.0,0,0
Asus,Vivobook,Amd,Ryzen 9,Unknown,4,Ddr4,1024,0,Windows,64,0,Casual,1,No,No,130500.0,162990,19,0.0,0,0
Asus,Vivobook,Amd,Ryzen 9,Unknown,4,Ddr4,1024,0,Windows,64,4,Casual,0,No,No,116990.0,149990,22,0.0,0,0
Asus,Ryzen,Amd,Ryzen 9,Unknown,4,Ddr4,1024,0,Windows,32,6,Casual,0,No,No,138990.0,210990,34,0.0,0,0
Asus,Rog,Amd,Ryzen 9,Unknown,4,Lpddr4x,1024,0,Windows,64,4,Casual,1,Yes,Yes,234990.0,350990,33,0.0,0,0
Asus,Rog,Amd,Ryzen 9,Unknown,4,Ddr4,1024,0,Windows,64,0,Casual,1,No,No,135990.0,172990,21,0.0,0,0
Asus,Rog,Amd,Ryzen 9,Unknown,4,Ddr4,1024,0,Windows,64,0,Casual,1,No,No,144990.0,194990,25,0.0,0,0
Asus,Ryzen,Amd,Ryzen 9,Unknown,4,Ddr4,1024,0,Windows,64,4,Casual,1,No,No,149990.0,0,0,0.0,0,0
Asus,Ryzen,Amd,Ryzen 9,Unknown,4,Ddr4,1024,0,Windows,64,4,Casual,1,No,No,142990.0,0,0,0.0,0,0
Samsung,Galaxy,Qualcomm,Snapdragon 7c,Unknown,4,Lpddr4x,0,512,Windows,32,0,Casual,0,No,No,38990.0,47990,18,0.0,0,0
Lenovo,Thinkpad,Amd,Ryzen 5,10th,8,Ddr4,512,0,Dos,64,0,Thinnlight,0,No,No,57490.0,78400,26,4.2,18,4
